Response-delay,status-code
46.783833265304565,200.0
46.62946391105652,200.0
46.676981687545776,200.0
46.778677463531494,200.0
46.63616061210632,200.0
