Response-delay,status-code
42.31904077529907,200.0
42.304121255874634,200.0
42.16918659210205,200.0
42.21043658256531,200.0
42.28075623512268,200.0
