Response-delay,status-code
1.0006659030914307,500.0
0.9887411594390869,500.0
1.284632682800293,500.0
1.0213251113891602,500.0
1.3445770740509033,500.0
