Response-delay,status-code
34.423786878585815,200.0
34.424296855926514,200.0
34.363861322402954,200.0
34.37503623962402,200.0
34.415225982666016,200.0
