Response-delay,status-code
27.494932889938354,200.0
27.165812969207764,200.0
27.23916983604431,200.0
27.198405981063843,200.0
27.443191051483154,200.0
