Response-delay,status-code
5.104942798614502,200.0
5.098895072937012,200.0
5.096011161804199,200.0
5.106649875640869,200.0
5.127553939819336,200.0
