Response-delay,status-code
5.118194818496704,200.0
5.105566740036011,200.0
5.103949069976807,200.0
5.1049699783325195,200.0
5.098612546920776,200.0
