Response-delay,status-code
2.3492019176483154,500.0
2.290804386138916,500.0
2.2920033931732178,500.0
2.2994844913482666,500.0
2.2939295768737793,500.0
