Response-delay,status-code
112.06099605560303,200.0
112.35397624969482,200.0
112.09778094291687,200.0
112.8198549747467,200.0
112.28706789016724,200.0
