Response-delay,status-code
1.5458240509033203,500.0
1.3871309757232666,500.0
1.3071134090423584,500.0
1.3027918338775635,500.0
1.3748769760131836,500.0
