Response-delay,status-code
23.063936710357666,200.0
22.991183519363403,200.0
22.987504959106445,200.0
23.047061920166016,200.0
23.070945978164673,200.0
