Response-delay,status-code
1.6715750694274902,200.0
1.5891311168670654,200.0
1.6673080921173096,200.0
1.6267998218536377,200.0
1.6014089584350586,200.0
