Response-delay,status-code
3.5644288063049316,200.0
3.537886142730713,200.0
3.5428714752197266,200.0
3.543250560760498,200.0
3.5374245643615723,200.0
