Response-delay,status-code
261.0820951461792,200.0
260.35281348228455,200.0
260.5821521282196,200.0
260.58172273635864,200.0
261.92889428138733,200.0
