Response-delay,status-code
3.7984120845794678,200.0
3.7661666870117188,200.0
3.771989345550537,200.0
3.7830605506896973,200.0
3.8454537391662598,200.0
