Response-delay,status-code
45.60804319381714,200.0
45.4285888671875,200.0
45.33800387382507,200.0
45.565680742263794,200.0
45.25082802772522,200.0
