Response-delay,status-code
304.78075766563416,200.0
304.21333622932434,200.0
304.490905046463,200.0
305.10753989219666,200.0
305.0770287513733,200.0
