Response-delay,status-code
1.2181861400604248,500.0
1.0828700065612793,500.0
1.0939662456512451,500.0
1.1023080348968506,500.0
1.1415488719940186,500.0
