Response-delay,status-code
3.791455030441284,200.0
3.781222105026245,200.0
3.763805866241455,200.0
3.797963857650757,200.0
3.819944143295288,200.0
