Response-delay,status-code
34.31442618370056,200.0
34.1648850440979,200.0
34.63528394699097,200.0
34.431792974472046,200.0
34.18212413787842,200.0
