Response-delay,status-code
112.55273699760437,200.0
112.73955821990967,200.0
112.4341230392456,200.0
112.38958311080933,200.0
112.47719407081604,200.0
