Response-delay,status-code
1.3219168186187744,200.0
1.2951197624206543,200.0
1.295558214187622,200.0
1.2906970977783203,200.0
1.3034350872039795,200.0
