Response-delay,status-code
23.235411882400513,200.0
23.253019094467163,200.0
23.125866889953613,200.0
23.276812076568604,200.0
23.08512806892395,200.0
