Response-delay,status-code
1.174117088317871,500.0
1.0274951457977295,500.0
1.4244322776794434,500.0
0.9389009475708008,500.0
1.206794023513794,500.0
