Response-delay,status-code
1.3688409328460693,200.0
1.0590989589691162,200.0
1.084319829940796,200.0
1.2280278205871582,200.0
1.224897861480713,200.0
