Response-delay,status-code
5.096618890762329,200.0
5.121557712554932,200.0
5.092383146286011,200.0
5.107733249664307,200.0
5.104732990264893,200.0
