Response-delay,status-code
1.5250837802886963,500.0
1.5280754566192627,500.0
1.5112226009368896,500.0
1.681976318359375,500.0
1.4588203430175781,500.0
