Response-delay,status-code
1.8674514293670654,500.0
1.8595519065856934,500.0
1.8741936683654785,500.0
1.8747389316558838,500.0
1.8730149269104004,500.0
