Response-delay,status-code
23.135902881622314,200.0
23.140445947647095,200.0
23.0625102519989,200.0
23.218185901641846,200.0
23.044448852539062,200.0
