Response-delay,status-code
47.60685110092163,200.0
53.62052321434021,200.0
44.275205850601196,200.0
48.2127959728241,200.0
41.92640423774719,200.0
