Response-delay,status-code
76.28564715385437,200.0
76.3485677242279,200.0
76.55132174491882,200.0
76.16611194610596,200.0
76.32424187660217,200.0
