Response-delay,status-code
1.2965874671936035,500.0
1.2862350940704346,500.0
1.3175337314605713,500.0
1.3041386604309082,500.0
1.28263521194458,500.0
