Response-delay,status-code
1.972463846206665,500.0
1.8392159938812256,500.0
1.9206581115722656,500.0
2.1158719062805176,500.0
1.8722889423370361,500.0
