Response-delay,status-code
3.7841973304748535,200.0
3.8177828788757324,200.0
3.7997796535491943,200.0
4.424576044082642,200.0
3.8163235187530518,200.0
