Response-delay,status-code
529.0400927066803,200.0
529.7581179141998,200.0
527.326902627945,200.0
528.887594461441,200.0
529.2677607536316,200.0
