Response-delay,status-code
34.61858820915222,200.0
34.40336275100708,200.0
34.24874401092529,200.0
34.55954194068909,200.0
34.24702477455139,200.0
