Response-delay,status-code
1.1367323398590088,200.0
1.1274449825286865,200.0
1.1345186233520508,200.0
1.4087951183319092,200.0
1.1362462043762207,200.0
