Response-delay,status-code
82.21333813667297,200.0
82.20854210853577,200.0
82.32755899429321,200.0
82.09275507926941,200.0
82.25468182563782,200.0
