Response-delay,status-code
101.08070278167725,200.0
100.97103190422058,200.0
101.33250689506531,200.0
101.10760498046875,200.0
100.88027691841125,200.0
