Response-delay,status-code
23.591596841812134,200.0
23.749238967895508,200.0
23.959770917892456,200.0
23.652726888656616,200.0
23.65161395072937,200.0
