Response-delay,status-code
4.836306571960449,200.0
4.848733186721802,200.0
4.840887784957886,200.0
4.843926429748535,200.0
4.839487552642822,200.0
