Response-delay,status-code
30.724560022354126,200.0
32.37631893157959,200.0
38.44725298881531,200.0
30.631530046463013,200.0
30.64216685295105,200.0
