Response-delay,status-code
1.457209587097168,500.0
1.4569330215454102,500.0
1.750877857208252,500.0
1.473358392715454,500.0
1.4535794258117676,500.0
