Response-delay,status-code
18.598934412002563,200.0
18.596597909927368,200.0
18.688970804214478,200.0
18.595765113830566,200.0
18.59908390045166,200.0
