Response-delay,status-code
171.21513152122498,200.0
170.13468050956726,200.0
170.63714122772217,200.0
171.3083279132843,200.0
171.01246404647827,200.0
