Response-delay,status-code
1.4156522750854492,500.0
1.4332635402679443,500.0
1.4117097854614258,500.0
1.4094057083129883,500.0
1.7724337577819824,500.0
