Response-delay,status-code
2.306123733520508,500.0
2.297029733657837,500.0
2.2817704677581787,500.0
2.275486946105957,500.0
2.2895054817199707,500.0
