Response-delay,status-code
13.551087141036987,200.0
13.4058678150177,200.0
13.481311321258545,200.0
13.51506519317627,200.0
13.504392862319946,200.0
