Response-delay,status-code
1.227186918258667,500.0
1.2938060760498047,500.0
1.2247309684753418,500.0
1.2275559902191162,500.0
1.2271571159362793,500.0
