Response-delay,status-code
75.80920076370239,200.0
75.66291689872742,200.0
75.87452602386475,200.0
75.65570211410522,200.0
75.82486319541931,200.0
