Response-delay,status-code
1.2455949783325195,200.0
1.0679240226745605,200.0
1.274540662765503,200.0
1.2534329891204834,200.0
1.045773983001709,200.0
