Response-delay,status-code
0.9558730125427246,500.0
0.9366137981414795,500.0
0.9378139972686768,500.0
0.932628870010376,500.0
0.9386138916015625,500.0
