Response-delay,status-code
1.2248928546905518,200.0
1.039262056350708,200.0
1.0420238971710205,200.0
1.2892720699310303,200.0
1.2300708293914795,200.0
