Response-delay,status-code
2.268005132675171,500.0
2.09446120262146,500.0
2.0779922008514404,500.0
2.2396962642669678,500.0
2.178086042404175,500.0
