Response-delay,status-code
27.321614027023315,200.0
27.34105086326599,200.0
27.23838472366333,200.0
27.245020151138306,200.0
27.229998111724854,200.0
