Response-delay,status-code
1.4036328792572021,500.0
1.5331289768218994,500.0
1.204657793045044,500.0
1.2464380264282227,500.0
1.224203109741211,500.0
