Response-delay,status-code
27.05143904685974,200.0
27.04703116416931,200.0
27.241575241088867,200.0
27.066094875335693,200.0
27.169142961502075,200.0
