Response-delay,status-code
9.579561233520508,200.0
9.530120849609375,200.0
9.562167882919312,200.0
9.538485765457153,200.0
9.850746870040894,200.0
