Response-delay,status-code
93.44645285606384,200.0
93.37908363342285,200.0
93.40350580215454,200.0
93.20727133750916,200.0
93.48827743530273,200.0
