Response-delay,status-code
21.310373067855835,200.0
21.036255836486816,200.0
21.044475078582764,200.0
21.032600164413452,200.0
21.05272126197815,200.0
