Response-delay,status-code
1.706106424331665,500.0
1.7203667163848877,500.0
1.7177717685699463,500.0
1.6957893371582031,500.0
1.7139739990234375,500.0
