Response-delay,status-code
1.8896443843841553,500.0
1.892775297164917,500.0
1.9047257900238037,500.0
1.8863375186920166,500.0
1.9014182090759277,500.0
