Response-delay,status-code
18.366230010986328,200.0
18.34662890434265,200.0
18.374346017837524,200.0
18.377630949020386,200.0
18.348625898361206,200.0
