Response-delay,status-code
1.0556039810180664,500.0
1.233431100845337,500.0
1.2263178825378418,500.0
1.225059986114502,500.0
1.2259101867675781,500.0
