Response-delay,status-code
5.111260414123535,200.0
5.108458995819092,200.0
5.106404066085815,200.0
5.108687877655029,200.0
5.109123468399048,200.0
