Response-delay,status-code
1.3810679912567139,500.0
1.3593318462371826,500.0
1.3564045429229736,500.0
1.3577802181243896,500.0
1.3569092750549316,500.0
