Response-delay,status-code
1.8618218898773193,200.0
1.67048978805542,200.0
1.6248390674591064,200.0
1.759857177734375,200.0
1.8317029476165771,200.0
