Response-delay,status-code
3.917607545852661,200.0
3.7625484466552734,200.0
3.793684959411621,200.0
3.802886962890625,200.0
3.768322706222534,200.0
