Response-delay,status-code
34.65275287628174,200.0
34.65384769439697,200.0
34.66107439994812,200.0
34.68295621871948,200.0
34.673665046691895,200.0
