Response-delay,status-code
3.133488893508911,500.0
2.4081432819366455,500.0
2.2934932708740234,500.0
2.3018698692321777,500.0
2.4772238731384277,500.0
