Response-delay,status-code
1.4977319240570068,500.0
1.4766011238098145,500.0
1.4774763584136963,500.0
1.5014770030975342,500.0
1.5056159496307373,500.0
