Response-delay,status-code
136.06309628486633,200.0
135.89031457901,200.0
136.00650715827942,200.0
135.8978853225708,200.0
135.90351724624634,200.0
