Response-delay,status-code
18.624122381210327,200.0
18.589232206344604,200.0
18.596749305725098,200.0
18.581284046173096,200.0
18.594393968582153,200.0
