Response-delay,status-code
1.378150224685669,200.0
1.2257800102233887,200.0
1.2023420333862305,200.0
1.3675589561462402,200.0
1.4167759418487549,200.0
