Response-delay,status-code
136.41219758987427,200.0
136.39087414741516,200.0
136.58440804481506,200.0
136.60570216178894,200.0
136.47337460517883,200.0
