Response-delay,status-code
13.41360592842102,200.0
13.487816572189331,200.0
13.607627391815186,200.0
13.495312452316284,200.0
13.487242460250854,200.0
