Response-delay,status-code
13.434162139892578,200.0
13.402321815490723,200.0
13.50406289100647,200.0
13.48207402229309,200.0
13.490070343017578,200.0
