Response-delay,status-code
3.8037586212158203,200.0
3.7845215797424316,200.0
4.115368366241455,200.0
3.7897520065307617,200.0
3.774676561355591,200.0
