Response-delay,status-code
3.809692859649658,200.0
3.782891273498535,200.0
3.781816244125366,200.0
3.8049919605255127,200.0
3.816272258758545,200.0
