Response-delay,status-code
34.34589886665344,200.0
34.30722904205322,200.0
34.31264328956604,200.0
34.370739221572876,200.0
34.305543422698975,200.0
