Response-delay,status-code
1.8762028217315674,500.0
1.8713624477386475,500.0
1.8606271743774414,500.0
1.8782684803009033,500.0
1.9842309951782227,500.0
