Response-delay,status-code
9.555471181869507,200.0
9.519952774047852,200.0
9.50258207321167,200.0
9.496687889099121,200.0
9.493187665939331,200.0
