Response-delay,status-code
1.0649628639221191,500.0
1.0250999927520752,500.0
0.9949581623077393,500.0
1.0075690746307373,500.0
0.9902808666229248,500.0
