Response-delay,status-code
18.59163761138916,200.0
18.58622980117798,200.0
18.59490394592285,200.0
18.596177101135254,200.0
18.59412121772766,200.0
