Response-delay,status-code
6.950839042663574,200.0
6.982522010803223,200.0
6.979183197021484,200.0
6.9868552684783936,200.0
6.991932153701782,200.0
