Response-delay,status-code
1.759674310684204,500.0
1.7833259105682373,500.0
1.7643017768859863,500.0
1.7587554454803467,500.0
1.760169506072998,500.0
