Response-delay,status-code
1.5952262878417969,500.0
1.5323309898376465,500.0
1.541025161743164,500.0
1.5254771709442139,500.0
1.529245376586914,500.0
