Response-delay,status-code
1.0364608764648438,500.0
1.030545949935913,500.0
1.3005738258361816,500.0
1.0140066146850586,500.0
0.9869909286499023,500.0
