Response-delay,status-code
12.333068370819092,200.0
12.302082538604736,200.0
12.380517482757568,200.0
12.305853843688965,200.0
12.397515058517456,200.0
