Response-delay,status-code
349.29888010025024,200.0
349.5920352935791,200.0
349.5906538963318,200.0
349.2853229045868,200.0
349.4172489643097,200.0
