Response-delay,status-code
93.86979007720947,200.0
93.57543277740479,200.0
93.70021343231201,200.0
93.40175461769104,200.0
93.40277600288391,200.0
