Response-delay,status-code
23.092100858688354,200.0
23.202951192855835,200.0
23.06503391265869,200.0
23.060588121414185,200.0
23.03705883026123,200.0
