Response-delay,status-code
36.22622489929199,200.0
36.3888099193573,200.0
36.247580766677856,200.0
36.244860887527466,200.0
36.07274293899536,200.0
