Response-delay,status-code
1.4323980808258057,200.0
1.3988568782806396,200.0
1.3992950916290283,200.0
1.3978040218353271,200.0
1.3989810943603516,200.0
