Response-delay,status-code
2.73629093170166,500.0
2.5650079250335693,500.0
2.529642105102539,500.0
2.5200462341308594,500.0
2.623978853225708,500.0
