Response-delay,status-code
23.57409381866455,200.0
23.595659017562866,200.0
23.53192448616028,200.0
23.71630549430847,200.0
23.567318439483643,200.0
