Response-delay,status-code
1.8866980075836182,200.0
1.705467939376831,200.0
1.6748909950256348,200.0
1.6603739261627197,200.0
1.647001028060913,200.0
