Response-delay,status-code
1.6840360164642334,500.0
1.6914925575256348,500.0
1.693173885345459,500.0
1.6949117183685303,500.0
1.7127108573913574,500.0
