Response-delay,status-code
358.81763553619385,200.0
359.00433254241943,200.0
359.0978727340698,200.0
359.38646268844604,200.0
359.39909982681274,200.0
