Response-delay,status-code
1.289485216140747,500.0
1.2962603569030762,500.0
1.3117890357971191,500.0
1.286818265914917,500.0
1.285264015197754,500.0
