Response-delay,status-code
308.3202908039093,200.0
308.62295293807983,200.0
308.8452389240265,200.0
307.8148717880249,200.0
309.13070011138916,200.0
