Response-delay,status-code
3.8043627738952637,200.0
4.413040399551392,200.0
3.8227620124816895,200.0
3.8061575889587402,200.0
3.8025729656219482,200.0
