Response-delay,status-code
21.364278078079224,200.0
21.31529211997986,200.0
21.318957805633545,200.0
21.103183269500732,200.0
21.345041751861572,200.0
