Response-delay,status-code
1.8265118598937988,500.0
1.862670660018921,500.0
1.8277835845947266,500.0
1.83131742477417,500.0
1.8431408405303955,500.0
