Response-delay,status-code
41.3869149684906,200.0
41.389638900756836,200.0
41.46846795082092,200.0
41.238340854644775,200.0
41.39594507217407,200.0
