Response-delay,status-code
5.115872621536255,200.0
5.091641664505005,200.0
5.116004467010498,200.0
5.103465557098389,200.0
5.101837158203125,200.0
