Response-delay,status-code
13.561530351638794,200.0
13.510984897613525,200.0
13.46535348892212,200.0
13.500150442123413,200.0
13.404697895050049,200.0
