Response-delay,status-code
45.90887904167175,200.0
45.89698266983032,200.0
45.88918995857239,200.0
45.92095732688904,200.0
45.929174184799194,200.0
