Response-delay,status-code
1.0400407314300537,500.0
1.0513794422149658,500.0
1.0542690753936768,500.0
1.0526537895202637,500.0
1.0312683582305908,500.0
