Response-delay,status-code
2.7120602130889893,200.0
2.690723180770874,200.0
2.703555107116699,200.0
2.761018753051758,200.0
2.722076177597046,200.0
