Response-delay,status-code
3.4984354972839355,200.0
3.4786038398742676,200.0
3.4854576587677,200.0
3.495027780532837,200.0
3.50559401512146,200.0
