Response-delay,status-code
5.093780994415283,200.0
5.123864650726318,200.0
5.216560125350952,200.0
5.219827890396118,200.0
5.2191548347473145,200.0
