Response-delay,status-code
1.075204849243164,200.0
1.0051429271697998,200.0
1.1381428241729736,200.0
1.0102341175079346,200.0
1.1345679759979248,200.0
