Response-delay,status-code
1.43056321144104,500.0
1.4356346130371094,500.0
1.4049758911132812,500.0
1.3891537189483643,500.0
1.3946654796600342,500.0
