Response-delay,status-code
0.9786438941955566,500.0
0.9529962539672852,500.0
0.9717521667480469,500.0
0.9570040702819824,500.0
0.9499568939208984,500.0
