Response-delay,status-code
91.96202087402344,200.0
91.82567000389099,200.0
91.77719187736511,200.0
91.82766628265381,200.0
92.31177091598511,200.0
