Response-delay,status-code
135.51115489006042,200.0
136.09603881835938,200.0
135.90368056297302,200.0
135.89066743850708,200.0
136.00349593162537,200.0
