Response-delay,status-code
1.117171049118042,500.0
1.1266734600067139,500.0
1.1181914806365967,500.0
1.1244158744812012,500.0
1.1280596256256104,500.0
