Response-delay,status-code
1.7074041366577148,500.0
1.520111083984375,500.0
1.5329840183258057,500.0
2.3393380641937256,500.0
1.5013911724090576,500.0
