Response-delay,status-code
3.412693500518799,200.0
3.4160680770874023,200.0
3.4734673500061035,200.0
3.4121434688568115,200.0
3.410090208053589,200.0
