Response-delay,status-code
9.80574893951416,200.0
9.497390031814575,200.0
9.54515027999878,200.0
9.623906135559082,200.0
9.632728099822998,200.0
