Response-delay,status-code
1.5800063610076904,500.0
1.5700433254241943,500.0
1.5692007541656494,500.0
1.5742433071136475,500.0
1.5771749019622803,500.0
