Response-delay,status-code
1.4583051204681396,500.0
1.466665506362915,500.0
1.4570777416229248,500.0
1.475548267364502,500.0
1.4524645805358887,500.0
