Response-delay,status-code
76.11715984344482,200.0
76.41094279289246,200.0
76.20602917671204,200.0
76.05725073814392,200.0
76.29291200637817,200.0
