Response-delay,status-code
1.0258750915527344,500.0
1.1852693557739258,500.0
1.0244801044464111,500.0
1.1096041202545166,500.0
1.2679338455200195,500.0
