Response-delay,status-code
29.82255721092224,200.0
29.72055172920227,200.0
29.713564157485962,200.0
29.766603708267212,200.0
29.724932432174683,200.0
