Response-delay,status-code
3.752291202545166,200.0
3.7371437549591064,200.0
3.7322981357574463,200.0
3.7298777103424072,200.0
3.742015838623047,200.0
