Response-delay,status-code
1.9110486507415771,500.0
1.8949778079986572,500.0
1.894261360168457,500.0
1.9010183811187744,500.0
1.8954310417175293,500.0
