Response-delay,status-code
68.42483401298523,200.0
68.35519099235535,200.0
68.31779885292053,200.0
68.40265083312988,200.0
68.64190006256104,200.0
