Response-delay,status-code
520.6251142024994,200.0
520.5821371078491,200.0
520.507984161377,200.0
520.2764520645142,200.0
520.5239932537079,200.0
