Response-delay,status-code
34.52604699134827,200.0
34.389824867248535,200.0
34.72464299201965,200.0
34.43243193626404,200.0
34.68401789665222,200.0
