Response-delay,status-code
3.826551675796509,200.0
3.9058003425598145,200.0
3.8131871223449707,200.0
3.8396904468536377,200.0
3.794951915740967,200.0
