Response-delay,status-code
1.410553216934204,500.0
1.466555118560791,500.0
1.2984509468078613,500.0
1.297837257385254,500.0
1.295280933380127,500.0
