Response-delay,status-code
22.5332989692688,200.0
22.49215579032898,200.0
22.49149179458618,200.0
22.543416261672974,200.0
22.526268482208252,200.0
