Response-delay,status-code
5.333338499069214,500.0
5.288896560668945,500.0
5.3027355670928955,500.0
5.2024006843566895,500.0
5.289685487747192,500.0
