Response-delay,status-code
75.13220715522766,200.0
75.27874898910522,200.0
75.26160597801208,200.0
75.03671383857727,200.0
74.90608167648315,200.0
