Response-delay,status-code
1.1143605709075928,500.0
1.128244161605835,500.0
1.113738775253296,500.0
1.1323554515838623,500.0
1.118941307067871,500.0
