Response-delay,status-code
3.8437511920928955,200.0
3.8056488037109375,200.0
3.7965760231018066,200.0
3.7780799865722656,200.0
3.781619071960449,200.0
