Response-delay,status-code
34.28502678871155,200.0
34.32349157333374,200.0
34.328540325164795,200.0
34.362141132354736,200.0
34.295865297317505,200.0
