Response-delay,status-code
1.167207956314087,500.0
1.396461009979248,500.0
1.1362099647521973,500.0
1.0972192287445068,500.0
1.3085110187530518,500.0
