Response-delay,status-code
1.1258838176727295,200.0
1.099410057067871,200.0
1.0965418815612793,200.0
1.1036620140075684,200.0
1.1011698246002197,200.0
