Response-delay,status-code
1.3229060173034668,200.0
1.1598050594329834,200.0
1.186187982559204,200.0
1.1570611000061035,200.0
1.1905200481414795,200.0
