Response-delay,status-code
1.348332166671753,500.0
1.3160662651062012,500.0
1.304741382598877,500.0
1.3564338684082031,500.0
1.39455246925354,500.0
