Response-delay,status-code
3.7792630195617676,200.0
3.766754150390625,200.0
3.749508857727051,200.0
3.783444881439209,200.0
3.7441742420196533,200.0
