Response-delay,status-code
23.24576473236084,200.0
23.219549894332886,200.0
23.252903699874878,200.0
23.274877786636353,200.0
23.22681164741516,200.0
