Response-delay,status-code
5.093670606613159,200.0
5.116291046142578,200.0
5.09105372428894,200.0
5.104249000549316,200.0
5.100095272064209,200.0
