Response-delay,status-code
23.075378894805908,200.0
23.11505675315857,200.0
23.040832042694092,200.0
22.98623299598694,200.0
23.24213671684265,200.0
