Response-delay,status-code
12.11329698562622,200.0
12.187514066696167,200.0
12.111578702926636,200.0
12.098093509674072,200.0
12.174364805221558,200.0
