Response-delay,status-code
3.9204704761505127,500.0
3.817657947540283,500.0
3.7952682971954346,500.0
3.8733978271484375,500.0
3.9111058712005615,500.0
