Response-delay,status-code
1.1453900337219238,500.0
1.2268030643463135,500.0
1.2282929420471191,500.0
1.1970088481903076,500.0
1.1601243019104004,500.0
