Response-delay,status-code
1.1053810119628906,500.0
1.1028048992156982,500.0
1.161365032196045,500.0
1.2268688678741455,500.0
1.090926170349121,500.0
