Response-delay,status-code
1.3367071151733398,500.0
1.3079454898834229,500.0
1.3096692562103271,500.0
1.3191683292388916,500.0
1.3175413608551025,500.0
