Response-delay,status-code
34.54307794570923,200.0
34.257543087005615,200.0
34.35755395889282,200.0
34.33379769325256,200.0
34.20545816421509,200.0
