Response-delay,status-code
6.5927464962005615,200.0
6.602753400802612,200.0
6.591003656387329,200.0
6.579249858856201,200.0
6.61333703994751,200.0
