Response-delay,status-code
20.99883484840393,200.0
21.15157127380371,200.0
21.10310411453247,200.0
21.03837490081787,200.0
20.957771062850952,200.0
