Response-delay,status-code
1.8648245334625244,500.0
2.4676663875579834,500.0
2.405207633972168,500.0
1.8642518520355225,500.0
1.8678653240203857,500.0
