Response-delay,status-code
264.96928668022156,200.0
264.4447355270386,200.0
264.91764640808105,200.0
264.22097992897034,200.0
263.3764772415161,200.0
