Response-delay,status-code
45.666893005371094,200.0
45.69087314605713,200.0
45.695854902267456,200.0
45.671687841415405,200.0
45.6712429523468,200.0
