Response-delay,status-code
180.42714715003967,200.0
180.4078586101532,200.0
180.78520345687866,200.0
180.6894211769104,200.0
180.7156057357788,200.0
