Response-delay,status-code
1.3165934085845947,500.0
1.2958776950836182,500.0
1.2948250770568848,500.0
1.2976276874542236,500.0
1.2920219898223877,500.0
