Response-delay,status-code
34.276362895965576,200.0
34.281357288360596,200.0
34.25268340110779,200.0
34.23752760887146,200.0
34.2551531791687,200.0
