Response-delay,status-code
27.730128049850464,200.0
27.762118101119995,200.0
27.704985857009888,200.0
27.685017108917236,200.0
27.7966411113739,200.0
