Response-delay,status-code
34.13058090209961,200.0
34.21735882759094,200.0
34.16623401641846,200.0
34.076277017593384,200.0
34.28883218765259,200.0
