Response-delay,status-code
3.3252410888671875,500.0
3.28729510307312,500.0
3.2939207553863525,500.0
3.3014414310455322,500.0
3.291764497756958,500.0
