Response-delay,status-code
34.78734350204468,200.0
34.736438035964966,200.0
34.7205171585083,200.0
34.607105016708374,200.0
34.643893241882324,200.0
