Response-delay,status-code
44.18635678291321,200.0
44.30144929885864,200.0
44.17254948616028,200.0
44.303027868270874,200.0
44.211010694503784,200.0
