Response-delay,status-code
1.3333320617675781,200.0
1.2656536102294922,200.0
1.2257299423217773,200.0
1.061493158340454,200.0
1.0832409858703613,200.0
