Response-delay,status-code
22.56880235671997,200.0
22.515976428985596,200.0
22.560322999954224,200.0
22.533284902572632,200.0
22.523899793624878,200.0
