Response-delay,status-code
22.51576828956604,200.0
22.493783712387085,200.0
22.48490595817566,200.0
22.488104820251465,200.0
22.485212087631226,200.0
