Response-delay,status-code
23.657132863998413,200.0
23.63876509666443,200.0
23.767254114151,200.0
23.62775421142578,200.0
23.598003387451172,200.0
