Response-delay,status-code
112.71233916282654,200.0
112.51866388320923,200.0
112.34657788276672,200.0
112.40735983848572,200.0
112.3979959487915,200.0
