Response-delay,status-code
1.4701719284057617,500.0
1.1517159938812256,500.0
1.3161520957946777,500.0
1.1509146690368652,500.0
1.328444242477417,500.0
