Response-delay,status-code
93.52147936820984,200.0
93.49077701568604,200.0
93.60496187210083,200.0
93.2939977645874,200.0
93.48278737068176,200.0
