Response-delay,status-code
1.13222336769104,500.0
1.1358060836791992,500.0
1.1640007495880127,500.0
1.1300344467163086,500.0
1.1401236057281494,500.0
