Response-delay,status-code
1.1027369499206543,500.0
1.307746171951294,500.0
1.2271718978881836,500.0
1.176927089691162,500.0
1.2533061504364014,500.0
