Response-delay,status-code
1.1049809455871582,500.0
0.9823353290557861,500.0
1.2174079418182373,500.0
1.2279999256134033,500.0
1.0205059051513672,500.0
