Response-delay,status-code
1.7696919441223145,500.0
1.5335118770599365,500.0
1.5334861278533936,500.0
1.5151350498199463,500.0
1.857865810394287,500.0
