Response-delay,status-code
178.5273265838623,200.0
178.70404744148254,200.0
178.61062955856323,200.0
178.5925862789154,200.0
178.77572894096375,200.0
