Response-delay,status-code
2.2125706672668457,500.0
2.1953561305999756,500.0
2.162886619567871,500.0
2.1994738578796387,500.0
2.1840898990631104,500.0
