Response-delay,status-code
136.03853821754456,200.0
135.90554237365723,200.0
135.97956490516663,200.0
136.10081028938293,200.0
136.08692812919617,200.0
