Response-delay,status-code
3.569855213165283,200.0
3.5400564670562744,200.0
3.563706398010254,200.0
3.578988790512085,200.0
3.5369229316711426,200.0
