Response-delay,status-code
46.85789966583252,200.0
46.67127275466919,200.0
46.81454682350159,200.0
46.71461462974548,200.0
46.788721561431885,200.0
