Response-delay,status-code
34.34912824630737,200.0
34.26593089103699,200.0
34.08432412147522,200.0
34.45019602775574,200.0
34.126253843307495,200.0
