Response-delay,status-code
27.10977005958557,200.0
27.085050106048584,200.0
27.0862820148468,200.0
27.175984859466553,200.0
27.421282052993774,200.0
