Response-delay,status-code
3.8411498069763184,200.0
3.7654237747192383,200.0
3.8319480419158936,200.0
3.76576828956604,200.0
3.7687454223632812,200.0
