Response-delay,status-code
20.987071990966797,200.0
20.923387050628662,200.0
21.05264401435852,200.0
21.195871829986572,200.0
20.965219259262085,200.0
