Response-delay,status-code
3.7977077960968018,200.0
3.7848474979400635,200.0
3.7846755981445312,200.0
3.7763350009918213,200.0
3.809995174407959,200.0
