Response-delay,status-code
5.131787061691284,200.0
5.0987677574157715,200.0
5.117965459823608,200.0
5.100295066833496,200.0
5.108594179153442,200.0
