Response-delay,status-code
1.4333069324493408,500.0
1.33892822265625,500.0
1.4240119457244873,500.0
1.157074213027954,500.0
1.292051076889038,500.0
