Response-delay,status-code
136.49304866790771,200.0
136.6200704574585,200.0
136.66711854934692,200.0
136.63399028778076,200.0
136.75408220291138,200.0
