Response-delay,status-code
27.109763145446777,200.0
27.110306978225708,200.0
27.140979051589966,200.0
27.23052430152893,200.0
27.351770162582397,200.0
