Response-delay,status-code
23.06561279296875,200.0
23.07332682609558,200.0
23.06612992286682,200.0
23.027437686920166,200.0
23.061506748199463,200.0
