Response-delay,status-code
13.525695085525513,200.0
13.501593589782715,200.0
13.496024131774902,200.0
13.415021896362305,200.0
13.489292621612549,200.0
