Response-delay,status-code
21.278829097747803,200.0
20.99708890914917,200.0
20.99393391609192,200.0
21.252156972885132,200.0
21.156648874282837,200.0
