Response-delay,status-code
1.0462920665740967,200.0
1.1184618473052979,200.0
1.0514121055603027,200.0
1.0035679340362549,200.0
1.2691750526428223,200.0
