Response-delay,status-code
7.00926399230957,200.0
6.987817049026489,200.0
6.988474369049072,200.0
6.995036840438843,200.0
7.008268594741821,200.0
