Response-delay,status-code
34.51057410240173,200.0
34.44287371635437,200.0
34.451701641082764,200.0
34.483839988708496,200.0
34.53384470939636,200.0
