Response-delay,status-code
1.8699109554290771,500.0
1.8294527530670166,500.0
1.888756513595581,500.0
1.8705012798309326,500.0
1.8290283679962158,500.0
