Response-delay,status-code
1.0089850425720215,500.0
1.0198731422424316,500.0
1.1387550830841064,500.0
1.2582969665527344,500.0
1.0473031997680664,500.0
