Response-delay,status-code
3.8229379653930664,200.0
3.810504913330078,200.0
3.8118045330047607,200.0
3.801412582397461,200.0
3.902693510055542,200.0
