Response-delay,status-code
1.3217618465423584,500.0
1.3021140098571777,500.0
1.303056240081787,500.0
1.293226957321167,500.0
1.2984049320220947,500.0
