Response-delay,status-code
29.806067943572998,200.0
29.71442937850952,200.0
29.839508295059204,200.0
29.804168224334717,200.0
29.762919425964355,200.0
