Response-delay,status-code
46.68559002876282,200.0
46.62498903274536,200.0
46.55426740646362,200.0
46.70547676086426,200.0
46.605884075164795,200.0
