Response-delay,status-code
23.570153951644897,200.0
23.363161087036133,200.0
23.42466902732849,200.0
23.374562978744507,200.0
23.522804021835327,200.0
