Response-delay,status-code
23.787060737609863,200.0
23.771075963974,200.0
24.13979196548462,200.0
23.778180360794067,200.0
23.79436230659485,200.0
