Response-delay,status-code
23.637633085250854,200.0
23.583853244781494,200.0
23.589498281478882,200.0
23.686616897583008,200.0
23.76722502708435,200.0
