Response-delay,status-code
23.951012134552002,200.0
23.760634183883667,200.0
23.78490114212036,200.0
23.77248978614807,200.0
23.757877349853516,200.0
