Response-delay,status-code
21.17378520965576,200.0
21.40837574005127,200.0
20.94751787185669,200.0
21.03847885131836,200.0
21.075872898101807,200.0
