Response-delay,status-code
1.1731758117675781,500.0
1.1580660343170166,500.0
1.1510818004608154,500.0
1.1512103080749512,500.0
1.1554465293884277,500.0
