Response-delay,status-code
46.86180639266968,200.0
46.8898549079895,200.0
46.70315647125244,200.0
46.85919666290283,200.0
46.896825551986694,200.0
