Response-delay,status-code
348.12066626548767,200.0
347.8728997707367,200.0
348.57560753822327,200.0
348.3602101802826,200.0
348.2421250343323,200.0
