Response-delay,status-code
2.627040147781372,500.0
2.590916156768799,500.0
2.503986120223999,500.0
2.5068278312683105,500.0
2.486269950866699,500.0
