Response-delay,status-code
39.09323310852051,200.0
48.65873694419861,200.0
40.89478015899658,200.0
35.92048501968384,200.0
31.014240026474,200.0
