Response-delay,status-code
3.8118436336517334,200.0
3.782658338546753,200.0
3.7835190296173096,200.0
3.826622247695923,200.0
3.7794642448425293,200.0
