Response-delay,status-code
5.1071648597717285,200.0
5.098085403442383,200.0
5.111536026000977,200.0
5.094990015029907,200.0
5.087389230728149,200.0
