Response-delay,status-code
38.107067823410034,200.0
28.25613498687744,200.0
28.26926302909851,200.0
28.56263279914856,200.0
28.04805874824524,200.0
