Response-delay,status-code
2.4431049823760986,200.0
2.885352849960327,200.0
2.4201090335845947,200.0
2.498655319213867,200.0
2.39936900138855,200.0
