Response-delay,status-code
3.8181183338165283,200.0
3.8467297554016113,200.0
3.8601365089416504,200.0
3.8253958225250244,200.0
3.825835704803467,200.0
