Response-delay,status-code
3.0958170890808105,200.0
3.0799219608306885,200.0
3.0813488960266113,200.0
3.0692389011383057,200.0
3.3616578578948975,200.0
