Response-delay,status-code
2.1489956378936768,500.0
2.1942574977874756,500.0
2.1313624382019043,500.0
2.1589443683624268,500.0
2.1190781593322754,500.0
