Response-delay,status-code
2.7218856811523438,500.0
2.775634288787842,500.0
2.7142069339752197,500.0
2.774897813796997,500.0
2.7961606979370117,500.0
