Response-delay,status-code
23.243162870407104,200.0
23.059079885482788,200.0
23.11301565170288,200.0
23.18099570274353,200.0
23.062867879867554,200.0
