Response-delay,status-code
1.3410770893096924,500.0
1.602025032043457,500.0
1.303145170211792,500.0
1.3184170722961426,500.0
1.326476812362671,500.0
