Response-delay,status-code
159.60213232040405,200.0
159.65773105621338,200.0
159.51060032844543,200.0
159.9451768398285,200.0
159.45253491401672,200.0
