Response-delay,status-code
13.397699117660522,200.0
13.394604921340942,200.0
13.39546275138855,200.0
13.49059009552002,200.0
13.405697584152222,200.0
