Response-delay,status-code
1.9080288410186768,500.0
1.8906364440917969,500.0
1.9134531021118164,500.0
1.9017753601074219,500.0
1.9093153476715088,500.0
