Response-delay,status-code
1.3260579109191895,200.0
1.3242740631103516,200.0
1.2926228046417236,200.0
1.2771687507629395,200.0
1.4459190368652344,200.0
