Response-delay,status-code
2.467250108718872,500.0
2.4936559200286865,500.0
2.4929094314575195,500.0
2.4996321201324463,500.0
2.4989356994628906,500.0
