Response-delay,status-code
1.8871815204620361,500.0
1.9079294204711914,500.0
1.8921723365783691,500.0
1.894920825958252,500.0
1.8847649097442627,500.0
