Response-delay,status-code
5.0992796421051025,200.0
5.104182481765747,200.0
5.1243109703063965,200.0
5.113025188446045,200.0
5.460713863372803,200.0
