Response-delay,status-code
6.3063249588012695,200.0
6.14237904548645,200.0
6.135411024093628,200.0
6.121595144271851,200.0
6.1679909229278564,200.0
