Response-delay,status-code
3.4139809608459473,200.0
3.4127676486968994,200.0
3.414116382598877,200.0
3.4073033332824707,200.0
3.4125261306762695,200.0
