Response-delay,status-code
76.37880110740662,200.0
76.18317317962646,200.0
76.28682374954224,200.0
76.26442193984985,200.0
76.30657386779785,200.0
