Response-delay,status-code
6.438424587249756,200.0
6.38934850692749,200.0
6.4621124267578125,200.0
6.429902791976929,200.0
6.581330060958862,200.0
