Response-delay,status-code
1.4644720554351807,200.0
1.212216854095459,200.0
1.1506831645965576,200.0
1.624399185180664,200.0
1.1772270202636719,200.0
