Response-delay,status-code
23.068667888641357,200.0
23.065752029418945,200.0
23.034412622451782,200.0
23.07005000114441,200.0
23.079761028289795,200.0
