Response-delay,status-code
53.58934497833252,200.0
53.5441780090332,200.0
53.446447134017944,200.0
53.512574911117554,200.0
53.599430322647095,200.0
