Response-delay,status-code
6.305599927902222,200.0
6.301620006561279,200.0
6.311359405517578,200.0
6.278005838394165,200.0
6.279045820236206,200.0
