Response-delay,status-code
34.667688608169556,200.0
34.6507351398468,200.0
34.674782276153564,200.0
34.716689109802246,200.0
34.70469427108765,200.0
