Response-delay,status-code
1.1464250087738037,200.0
1.1267881393432617,200.0
1.1270661354064941,200.0
1.1388311386108398,200.0
1.1635262966156006,200.0
