Response-delay,status-code
301.9006929397583,200.0
301.58403396606445,200.0
301.36111783981323,200.0
301.74701595306396,200.0
302.08773612976074,200.0
