Response-delay,status-code
1.140852451324463,500.0
1.1453220844268799,500.0
0.5853176116943359,500.0
3.966596841812134,500.0
1.1290996074676514,500.0
