Response-delay,status-code
31.379449605941772,200.0
31.340797424316406,200.0
31.701436519622803,200.0
31.283040761947632,200.0
31.417314767837524,200.0
