Response-delay,status-code
5.073467493057251,200.0
5.108270168304443,200.0
5.211223363876343,200.0
5.0708167552948,200.0
5.06230354309082,200.0
