Response-delay,status-code
23.65696358680725,200.0
23.655137062072754,200.0
23.66186285018921,200.0
23.758960247039795,200.0
23.622048377990723,200.0
