Response-delay,status-code
5.094281435012817,200.0
5.098472356796265,200.0
5.117584228515625,200.0
5.101083278656006,200.0
5.098994731903076,200.0
