Response-delay,status-code
23.157254934310913,200.0
23.106731176376343,200.0
23.27610683441162,200.0
23.02615714073181,200.0
23.03742289543152,200.0
