Response-delay,status-code
34.56083011627197,200.0
34.48881411552429,200.0
34.45630192756653,200.0
34.56724786758423,200.0
34.715648889541626,200.0
