Response-delay,status-code
1.537930965423584,500.0
1.5014588832855225,500.0
1.4965031147003174,500.0
1.4953887462615967,500.0
1.4966938495635986,500.0
