Response-delay,status-code
27.682563066482544,200.0
27.695221662521362,200.0
27.724281787872314,200.0
27.771678924560547,200.0
27.6848566532135,200.0
