Response-delay,status-code
1.286327838897705,200.0
1.2597949504852295,200.0
1.225193977355957,200.0
1.2261269092559814,200.0
1.2268731594085693,200.0
