Response-delay,status-code
1.4106955528259277,500.0
1.4214446544647217,500.0
1.4126801490783691,500.0
1.4051039218902588,500.0
1.4079029560089111,500.0
