Response-delay,status-code
23.64786672592163,200.0
23.63118076324463,200.0
23.68662190437317,200.0
23.708500146865845,200.0
23.7688148021698,200.0
