Response-delay,status-code
1.081362009048462,200.0
1.1299657821655273,200.0
1.2263798713684082,200.0
1.2262117862701416,200.0
1.0725407600402832,200.0
