Response-delay,status-code
91.97298908233643,200.0
91.69778990745544,200.0
91.6527030467987,200.0
91.65803599357605,200.0
91.68379998207092,200.0
