Response-delay,status-code
1.2473530769348145,500.0
1.249433994293213,500.0
1.2461657524108887,500.0
1.2460517883300781,500.0
1.2444770336151123,500.0
