Response-delay,status-code
356.60677218437195,200.0
356.3295753002167,200.0
356.4805645942688,200.0
356.3869676589966,200.0
356.78955006599426,200.0
