Response-delay,status-code
6.974799633026123,200.0
6.9018096923828125,200.0
6.895472049713135,200.0
6.965124607086182,200.0
6.927672386169434,200.0
