Response-delay,status-code
206.21300792694092,200.0
206.18260741233826,200.0
206.4896457195282,200.0
206.1487636566162,200.0
206.35287594795227,200.0
