Response-delay,status-code
5.249255418777466,200.0
5.118667125701904,200.0
5.240612268447876,200.0
5.154869318008423,200.0
5.134610891342163,200.0
