Response-delay,status-code
1.4887909889221191,200.0
1.556009292602539,200.0
1.5109591484069824,200.0
1.840670108795166,200.0
1.45017409324646,200.0
