Response-delay,status-code
3.7973756790161133,200.0
3.7836802005767822,200.0
3.7889797687530518,200.0
3.8028223514556885,200.0
3.7982583045959473,200.0
