Response-delay,status-code
9.59168791770935,200.0
9.538485288619995,200.0
9.575925588607788,200.0
10.001349449157715,200.0
9.500293016433716,200.0
