Response-delay,status-code
2.4211819171905518,500.0
2.1473398208618164,500.0
2.14618182182312,500.0
2.0973360538482666,500.0
2.2002382278442383,500.0
