Response-delay,status-code
22.370947122573853,200.0
22.500676155090332,200.0
22.41839575767517,200.0
22.427810192108154,200.0
22.43349814414978,200.0
