Response-delay,status-code
3.889158010482788,500.0
3.803825616836548,500.0
3.881232261657715,500.0
3.8060033321380615,500.0
3.8795244693756104,500.0
