Response-delay,status-code
34.5797598361969,200.0
34.565995931625366,200.0
34.573933124542236,200.0
34.547152280807495,200.0
34.597644567489624,200.0
