Response-delay,status-code
135.90558195114136,200.0
135.9824562072754,200.0
135.41701197624207,200.0
135.68325519561768,200.0
135.69313883781433,200.0
