Response-delay,status-code
525.0219950675964,200.0
524.8241851329803,200.0
524.5998630523682,200.0
524.6007809638977,200.0
524.4735412597656,200.0
