Response-delay,status-code
34.46830606460571,200.0
34.507566928863525,200.0
34.511175870895386,200.0
34.43770885467529,200.0
34.79270100593567,200.0
