Response-delay,status-code
34.40636110305786,200.0
34.386919021606445,200.0
34.36952996253967,200.0
34.475147008895874,200.0
34.49284601211548,200.0
