Response-delay,status-code
5.147640705108643,200.0
5.1057448387146,200.0
5.087986946105957,200.0
5.722634315490723,200.0
5.099665880203247,200.0
