Response-delay,status-code
68.92688274383545,200.0
68.15197324752808,200.0
68.07511854171753,200.0
68.18626546859741,200.0
68.09689164161682,200.0
