Response-delay,status-code
2.203510046005249,500.0
1.9425129890441895,500.0
2.044287919998169,500.0
2.1481821537017822,500.0
1.9120261669158936,500.0
