Response-delay,status-code
1.0124790668487549,200.0
0.9788658618927002,200.0
0.9843130111694336,200.0
0.983173131942749,200.0
0.9949822425842285,200.0
