Response-delay,status-code
1.7723438739776611,500.0
1.7779560089111328,500.0
1.7710185050964355,500.0
1.8306126594543457,500.0
1.763343095779419,500.0
