Response-delay,status-code
4.819594860076904,200.0
4.8627684116363525,200.0
4.878598690032959,200.0
4.832887887954712,200.0
4.818108558654785,200.0
