Response-delay,status-code
93.40271925926208,200.0
93.48490786552429,200.0
93.41303968429565,200.0
93.67637252807617,200.0
93.2009117603302,200.0
