Response-delay,status-code
263.3246374130249,200.0
263.55767250061035,200.0
263.95672965049744,200.0
264.3595085144043,200.0
264.6886098384857,200.0
