Response-delay,status-code
5.063583850860596,200.0
5.068213224411011,200.0
5.089263200759888,200.0
5.0619566440582275,200.0
5.087457180023193,200.0
