Response-delay,status-code
7.03291654586792,200.0
6.972917318344116,200.0
7.005986928939819,200.0
7.01298975944519,200.0
6.975491762161255,200.0
