Response-delay,status-code
92.28026604652405,200.0
92.29040145874023,200.0
92.29724407196045,200.0
92.20642971992493,200.0
92.39343333244324,200.0
