Response-delay,status-code
27.073054313659668,200.0
27.03601384162903,200.0
27.034698963165283,200.0
27.066248893737793,200.0
27.04229712486267,200.0
