Response-delay,status-code
1.7795662879943848,500.0
1.8488378524780273,500.0
1.8191289901733398,500.0
1.8140454292297363,500.0
1.8524000644683838,500.0
