Response-delay,status-code
1.3311100006103516,500.0
1.2264001369476318,500.0
1.224670171737671,500.0
1.0566840171813965,500.0
1.0960540771484375,500.0
