Response-delay,status-code
5.09932541847229,200.0
5.102721214294434,200.0
5.100593090057373,200.0
5.090944528579712,200.0
5.10803747177124,200.0
