Response-delay,status-code
2.4747989177703857,200.0
2.540438652038574,200.0
2.455317974090576,200.0
2.4544458389282227,200.0
2.762331008911133,200.0
