Response-delay,status-code
178.5269913673401,200.0
178.48646926879883,200.0
178.57629942893982,200.0
178.30850338935852,200.0
178.4929757118225,200.0
