Response-delay,status-code
263.376859664917,200.0
263.32832527160645,200.0
263.4317057132721,200.0
263.60226345062256,200.0
263.41348910331726,200.0
