Response-delay,status-code
34.56809949874878,200.0
34.55854845046997,200.0
35.17312526702881,200.0
34.516478061676025,200.0
34.524946212768555,200.0
