Response-delay,status-code
1.3579835891723633,500.0
1.3516199588775635,500.0
1.3232522010803223,500.0
1.351003885269165,500.0
1.340444564819336,500.0
