Response-delay,status-code
68.44278502464294,200.0
68.22471499443054,200.0
68.37038803100586,200.0
68.3228018283844,200.0
68.375972032547,200.0
