Response-delay,status-code
6.986145496368408,200.0
6.985524415969849,200.0
6.999303340911865,200.0
7.001375675201416,200.0
7.118021011352539,200.0
