Response-delay,status-code
1.1447343826293945,500.0
1.1159193515777588,500.0
1.117361307144165,500.0
1.1215369701385498,500.0
1.5044925212860107,500.0
