Response-delay,status-code
5.0910046100616455,200.0
5.082776069641113,200.0
5.083312749862671,200.0
5.086650609970093,200.0
5.087649822235107,200.0
