Response-delay,status-code
34.37558722496033,200.0
34.267701864242554,200.0
34.11321496963501,200.0
34.214202880859375,200.0
34.10307192802429,200.0
