Response-delay,status-code
31.33797025680542,200.0
31.251383781433105,200.0
31.2933087348938,200.0
31.36234211921692,200.0
31.279967308044434,200.0
