Response-delay,status-code
3.832724094390869,200.0
3.803304433822632,200.0
3.791095495223999,200.0
3.828134775161743,200.0
3.782965898513794,200.0
