Response-delay,status-code
34.306159257888794,200.0
34.35211110115051,200.0
34.29326367378235,200.0
34.19082307815552,200.0
34.393481969833374,200.0
