Response-delay,status-code
31.28849983215332,200.0
31.37650489807129,200.0
31.292974710464478,200.0
31.218079328536987,200.0
31.658020973205566,200.0
