Response-delay,status-code
6.521026611328125,200.0
6.542251110076904,200.0
6.531446218490601,200.0
6.559780836105347,200.0
6.532774448394775,200.0
