Response-delay,status-code
1.2159318923950195,500.0
1.783573865890503,500.0
1.2333459854125977,500.0
1.057811975479126,500.0
1.0717997550964355,500.0
