Response-delay,status-code
1.074577808380127,500.0
1.0530331134796143,500.0
1.1744251251220703,500.0
1.196382999420166,500.0
1.0302069187164307,500.0
