Response-delay,status-code
1.0747146606445312,200.0
1.3005127906799316,200.0
1.22719407081604,200.0
1.0525479316711426,200.0
1.3991057872772217,200.0
