Response-delay,status-code
1.104621171951294,500.0
1.1061670780181885,500.0
1.22566819190979,500.0
1.2273752689361572,500.0
1.082099199295044,500.0
