Response-delay,status-code
46.59927439689636,200.0
46.624751329422,200.0
46.861828327178955,200.0
46.52911972999573,200.0
46.7007896900177,200.0
