Response-delay,status-code
23.72858738899231,200.0
23.640605211257935,200.0
23.692617416381836,200.0
23.6107075214386,200.0
23.656753540039062,200.0
