Response-delay,status-code
1.3183057308197021,500.0
1.4394261837005615,500.0
1.2175371646881104,500.0
1.3608179092407227,500.0
1.2779810428619385,500.0
