Response-delay,status-code
18.583924293518066,200.0
18.588889598846436,200.0
18.586017608642578,200.0
18.51455068588257,200.0
18.576093196868896,200.0
