Response-delay,status-code
2.5718417167663574,500.0
2.671802043914795,500.0
2.613913059234619,500.0
2.6286985874176025,500.0
2.5650177001953125,500.0
