Response-delay,status-code
2.4268100261688232,500.0
2.4013798236846924,500.0
2.3923540115356445,500.0
2.4006800651550293,500.0
2.3964767456054688,500.0
