Response-delay,status-code
91.54865503311157,200.0
91.28683304786682,200.0
91.05818891525269,200.0
91.07764506340027,200.0
91.298996925354,200.0
