Response-delay,status-code
5.316263675689697,500.0
5.593675374984741,500.0
5.289003849029541,500.0
5.214428186416626,500.0
5.282721281051636,500.0
