Response-delay,status-code
23.55021071434021,200.0
24.196291208267212,200.0
23.65592074394226,200.0
23.604500770568848,200.0
23.5529727935791,200.0
