Response-delay,status-code
1.681138277053833,500.0
1.6705975532531738,500.0
1.6946394443511963,500.0
1.6872406005859375,500.0
1.7018792629241943,500.0
