Response-delay,status-code
1.3274145126342773,500.0
1.295508861541748,500.0
1.3107776641845703,500.0
1.3240196704864502,500.0
1.5254194736480713,500.0
