Response-delay,status-code
1.802098274230957,500.0
1.7850241661071777,500.0
1.7780780792236328,500.0
1.7866575717926025,500.0
1.783304214477539,500.0
