Response-delay,status-code
5.094909906387329,200.0
5.0810387134552,200.0
5.084845066070557,200.0
5.102839708328247,200.0
5.096250534057617,200.0
