Response-delay,status-code
34.3022198677063,200.0
34.241605043411255,200.0
34.275909185409546,200.0
34.86013627052307,200.0
34.27058005332947,200.0
