Response-delay,status-code
3.7677576541900635,200.0
3.801698684692383,200.0
3.7847821712493896,200.0
3.786522626876831,200.0
3.7928872108459473,200.0
