Response-delay,status-code
3.7169477939605713,500.0
3.7690494060516357,500.0
3.717761278152466,500.0
3.6894092559814453,500.0
3.776900053024292,500.0
