Response-delay,status-code
1.0819919109344482,500.0
1.0735421180725098,500.0
1.126513957977295,500.0
1.2255759239196777,500.0
1.1187310218811035,500.0
