Response-delay,status-code
174.19566941261292,200.0
174.3137469291687,200.0
174.23567533493042,200.0
173.86984276771545,200.0
173.98958921432495,200.0
