Response-delay,status-code
91.1157157421112,200.0
91.43612003326416,200.0
91.34223103523254,200.0
91.1617181301117,200.0
91.29088616371155,200.0
