Response-delay,status-code
34.311755895614624,200.0
34.4071900844574,200.0
34.27328395843506,200.0
34.363343238830566,200.0
34.16202116012573,200.0
