Response-delay,status-code
1.3087692260742188,500.0
1.3683576583862305,500.0
1.2827062606811523,500.0
1.278703212738037,500.0
1.2860221862792969,500.0
