Response-delay,status-code
21.08979082107544,200.0
21.112217664718628,200.0
20.951218128204346,200.0
21.43182897567749,200.0
20.986327171325684,200.0
