Response-delay,status-code
4.3638527393341064,500.0
6.9499711990356445,500.0
5.2456440925598145,500.0
11.122812032699585,500.0
4.977085828781128,500.0
