Response-delay,status-code
3.13474702835083,500.0
3.08843731880188,500.0
3.0811989307403564,500.0
3.098489999771118,500.0
3.1264822483062744,500.0
