Response-delay,status-code
34.65721940994263,200.0
34.66924548149109,200.0
34.62078785896301,200.0
34.63457632064819,200.0
34.67868947982788,200.0
