Response-delay,status-code
6.621880054473877,200.0
6.582301139831543,200.0
6.637315273284912,200.0
6.605503797531128,200.0
6.58306097984314,200.0
