Response-delay,status-code
1.0813698768615723,200.0
1.056152105331421,200.0
1.1057417392730713,200.0
1.1536779403686523,200.0
1.0753679275512695,200.0
