Response-delay,status-code
1.7467565536499023,500.0
1.7123324871063232,500.0
1.7145376205444336,500.0
1.742236614227295,500.0
1.7267780303955078,500.0
