Response-delay,status-code
94.11197900772095,200.0
93.69300293922424,200.0
93.59365010261536,200.0
93.80245399475098,200.0
94.19699811935425,200.0
