Response-delay,status-code
2.702610969543457,200.0
2.6929962635040283,200.0
2.6979711055755615,200.0
2.6960699558258057,200.0
2.696347236633301,200.0
