Response-delay,status-code
4.50891900062561,200.0
4.46391749382019,200.0
4.492406845092773,200.0
4.495721817016602,200.0
4.513229131698608,200.0
