Response-delay,status-code
34.47097182273865,200.0
34.11486792564392,200.0
34.38390779495239,200.0
34.19836068153381,200.0
34.20794486999512,200.0
