Response-delay,status-code
1.2948837280273438,500.0
1.2684056758880615,500.0
1.295823574066162,500.0
1.268991231918335,500.0
1.2912623882293701,500.0
