Response-delay,status-code
2.7654240131378174,500.0
2.794485569000244,500.0
2.78584623336792,500.0
2.7177481651306152,500.0
2.7718474864959717,500.0
