Response-delay,status-code
88.35318851470947,200.0
88.39498257637024,200.0
88.20388436317444,200.0
88.28545451164246,200.0
88.35568833351135,200.0
