Response-delay,status-code
3.4616262912750244,200.0
3.4553728103637695,200.0
3.456479787826538,200.0
3.464472532272339,200.0
3.466794013977051,200.0
