Response-delay,status-code
42.10983610153198,200.0
41.90814781188965,200.0
41.98171901702881,200.0
42.054795026779175,200.0
41.87665677070618,200.0
