Response-delay,status-code
3.8284237384796143,200.0
3.840205430984497,200.0
3.829929828643799,200.0
3.8034701347351074,200.0
3.818369150161743,200.0
