Response-delay,status-code
3.7739827632904053,200.0
3.825666666030884,200.0
3.790860414505005,200.0
3.7952933311462402,200.0
3.805415153503418,200.0
