Response-delay,status-code
15.284381866455078,500.0
2.2231433391571045,500.0
2.1915557384490967,500.0
2.22247576713562,500.0
1.823152780532837,500.0
