Response-delay,status-code
1.3271706104278564,200.0
1.31119704246521,200.0
1.2961418628692627,200.0
1.308218002319336,200.0
1.2891099452972412,200.0
