Response-delay,status-code
1.5374038219451904,500.0
1.6362402439117432,500.0
1.5053329467773438,500.0
1.5061936378479004,500.0
1.5645997524261475,500.0
