Response-delay,status-code
1.3966126441955566,500.0
1.4028866291046143,500.0
1.402547836303711,500.0
1.4086191654205322,500.0
1.4000318050384521,500.0
