Response-delay,status-code
34.76179337501526,200.0
34.724658489227295,200.0
34.697887897491455,200.0
34.749701499938965,200.0
34.78397178649902,200.0
