Response-delay,status-code
21.16388511657715,200.0
20.935367822647095,200.0
21.14662194252014,200.0
20.965325593948364,200.0
20.947028875350952,200.0
