Response-delay,status-code
1.4409887790679932,500.0
1.4506638050079346,500.0
1.4388883113861084,500.0
1.4469990730285645,500.0
1.4948925971984863,500.0
