Response-delay,status-code
4.837465763092041,200.0
4.869487762451172,200.0
4.847683429718018,200.0
4.851501703262329,200.0
4.831804037094116,200.0
