Response-delay,status-code
1.1500508785247803,500.0
1.1625711917877197,500.0
1.1755449771881104,500.0
1.1615149974822998,500.0
1.1673429012298584,500.0
