Response-delay,status-code
2.238892078399658,200.0
2.3788957595825195,200.0
2.1470508575439453,200.0
2.165135145187378,200.0
2.2036330699920654,200.0
