Response-delay,status-code
21.086369037628174,200.0
21.048097610473633,200.0
21.069172859191895,200.0
20.64147400856018,200.0
20.691692113876343,200.0
