Response-delay,status-code
1.1472718715667725,200.0
1.163142204284668,200.0
1.1265437602996826,200.0
1.1270301342010498,200.0
1.1516449451446533,200.0
