Response-delay,status-code
178.63143658638,200.0
178.53410935401917,200.0
178.5600152015686,200.0
178.63223457336426,200.0
178.6823148727417,200.0
