Response-delay,status-code
34.37391710281372,200.0
34.8571503162384,200.0
34.38227844238281,200.0
34.42186093330383,200.0
34.45130491256714,200.0
