Response-delay,status-code
6.320407152175903,200.0
6.329995393753052,200.0
6.275667428970337,200.0
6.298609018325806,200.0
6.295060634613037,200.0
