Response-delay,status-code
21.02326512336731,200.0
21.193783044815063,200.0
20.988880157470703,200.0
21.09178590774536,200.0
21.452221870422363,200.0
