Response-delay,status-code
21.045175075531006,200.0
21.014895915985107,200.0
21.10796332359314,200.0
21.07497000694275,200.0
21.109063148498535,200.0
