Response-delay,status-code
20.880059003829956,200.0
20.624652862548828,200.0
20.658040761947632,200.0
20.590773105621338,200.0
20.626694202423096,200.0
