Response-delay,status-code
1.2119698524475098,500.0
1.2597928047180176,500.0
1.4988300800323486,500.0
1.225499153137207,500.0
1.4446132183074951,500.0
