Response-delay,status-code
303.2135112285614,200.0
303.29495000839233,200.0
303.2982409000397,200.0
303.40412402153015,200.0
303.0814199447632,200.0
