Response-delay,status-code
23.034024953842163,200.0
23.031920909881592,200.0
23.129833221435547,200.0
23.111538887023926,200.0
23.067351818084717,200.0
