Response-delay,status-code
178.61616325378418,200.0
180.25205612182617,200.0
178.53635573387146,200.0
178.53298664093018,200.0
178.50749039649963,200.0
