Response-delay,status-code
2.4386119842529297,200.0
2.593662977218628,200.0
2.4047369956970215,200.0
2.4018728733062744,200.0
2.395296096801758,200.0
