Response-delay,status-code
1.4230899810791016,200.0
1.227135181427002,200.0
1.3599910736083984,200.0
1.164344072341919,200.0
1.3452539443969727,200.0
