Response-delay,status-code
0.9777100086212158,500.0
0.9672732353210449,500.0
1.2229480743408203,500.0
1.2176990509033203,500.0
1.2236950397491455,500.0
