Response-delay,status-code
1.0894362926483154,200.0
1.0761489868164062,200.0
1.0757412910461426,200.0
1.209000825881958,200.0
1.0597810745239258,200.0
