Response-delay,status-code
3.808133840560913,200.0
3.79485821723938,200.0
3.799924850463867,200.0
3.801701307296753,200.0
3.8121325969696045,200.0
