Response-delay,status-code
23.67654824256897,200.0
23.598741054534912,200.0
23.694579362869263,200.0
23.768747329711914,200.0
23.64670205116272,200.0
