Response-delay,status-code
1.1369237899780273,500.0
1.1327500343322754,500.0
1.1407341957092285,500.0
1.1313018798828125,500.0
1.7992525100708008,500.0
