Response-delay,status-code
1.2150938510894775,500.0
1.0832068920135498,500.0
0.9746298789978027,500.0
0.9894540309906006,500.0
1.1003608703613281,500.0
