Response-delay,status-code
46.729090213775635,200.0
46.599318742752075,200.0
46.669904947280884,200.0
46.726707458496094,200.0
46.672784090042114,200.0
