Response-delay,status-code
68.20187568664551,200.0
68.1608476638794,200.0
68.19450902938843,200.0
68.11487150192261,200.0
68.19609570503235,200.0
