Response-delay,status-code
136.3363800048828,200.0
136.2080581188202,200.0
136.3055408000946,200.0
136.31995010375977,200.0
136.30241894721985,200.0
