Response-delay,status-code
36.03618097305298,200.0
35.99006700515747,200.0
35.92595720291138,200.0
35.889111042022705,200.0
35.854357957839966,200.0
