Response-delay,status-code
1.0667810440063477,200.0
1.0732512474060059,200.0
1.3719942569732666,200.0
1.2253119945526123,200.0
1.0518426895141602,200.0
