Response-delay,status-code
1.345001220703125,500.0
1.1019611358642578,500.0
1.0671939849853516,500.0
1.0660936832427979,500.0
1.0841898918151855,500.0
