Response-delay,status-code
3.2277987003326416,500.0
3.079251766204834,500.0
3.390249729156494,500.0
3.07694411277771,500.0
3.09416127204895,500.0
