Response-delay,status-code
3.564448595046997,200.0
3.5494141578674316,200.0
3.5691678524017334,200.0
3.590047597885132,200.0
4.195072412490845,200.0
