Response-delay,status-code
3.803819179534912,200.0
3.8046905994415283,200.0
3.789975166320801,200.0
3.788055419921875,200.0
3.9101879596710205,200.0
