Response-delay,status-code
24.375186920166016,200.0
24.369129180908203,200.0
24.471548318862915,200.0
24.25697374343872,200.0
24.585581064224243,200.0
