Response-delay,status-code
3.8091697692871094,200.0
3.840501308441162,200.0
3.8229143619537354,200.0
3.8309266567230225,200.0
3.804702043533325,200.0
