Response-delay,status-code
20.945414781570435,200.0
20.91861915588379,200.0
21.113590002059937,200.0
21.24620008468628,200.0
20.917091846466064,200.0
