Response-delay,status-code
6.741018772125244,200.0
6.5916571617126465,200.0
6.563887119293213,200.0
6.5377678871154785,200.0
6.522416114807129,200.0
