Response-delay,status-code
5.112197399139404,200.0
5.506669759750366,200.0
5.127340793609619,200.0
5.144129753112793,200.0
5.109703779220581,200.0
