Response-delay,status-code
1.5055391788482666,500.0
1.5048987865447998,500.0
1.5060105323791504,500.0
1.508471965789795,500.0
1.5377981662750244,500.0
