Response-delay,status-code
75.2004919052124,200.0
75.52194023132324,200.0
75.34579992294312,200.0
75.05302810668945,200.0
75.19357085227966,200.0
