Response-delay,status-code
2.2378029823303223,500.0
0.9821000099182129,500.0
0.9917631149291992,500.0
1.1655800342559814,500.0
1.1207013130187988,500.0
