Response-delay,status-code
4.508582830429077,200.0
4.49263334274292,200.0
4.49099588394165,200.0
4.492030143737793,200.0
4.512890577316284,200.0
