Response-delay,status-code
13.477689266204834,200.0
13.660735845565796,200.0
13.441906213760376,200.0
13.587177038192749,200.0
13.514436960220337,200.0
