Response-delay,status-code
1.0696959495544434,200.0
1.00887131690979,200.0
1.0116329193115234,200.0
1.2676770687103271,200.0
1.1089951992034912,200.0
