Response-delay,status-code
3.819413661956787,200.0
3.7787375450134277,200.0
3.8005313873291016,200.0
3.769300699234009,200.0
3.796935558319092,200.0
