Response-delay,status-code
3.815110206604004,200.0
3.825174331665039,200.0
3.8206493854522705,200.0
3.9263200759887695,200.0
3.776899814605713,200.0
