Response-delay,status-code
5.070922136306763,200.0
5.061006307601929,200.0
5.071293115615845,200.0
5.054628849029541,200.0
5.06463885307312,200.0
