Response-delay,status-code
1.2567296028137207,500.0
1.2466580867767334,500.0
1.2417817115783691,500.0
1.2469241619110107,500.0
1.2415711879730225,500.0
