Response-delay,status-code
28.54352617263794,200.0
28.39715003967285,200.0
28.34737277030945,200.0
28.396997451782227,200.0
28.439295053482056,200.0
