Response-delay,status-code
1.470674753189087,200.0
1.531477928161621,200.0
1.4625539779663086,200.0
1.604266881942749,200.0
1.534538984298706,200.0
