Response-delay,status-code
3.7935874462127686,200.0
3.800462007522583,200.0
4.0960400104522705,200.0
3.8266403675079346,200.0
3.8396482467651367,200.0
