Response-delay,status-code
3.462738037109375,200.0
3.4737319946289062,200.0
3.4583773612976074,200.0
3.454909324645996,200.0
3.467198371887207,200.0
