Response-delay,status-code
93.52738046646118,200.0
93.48266768455505,200.0
93.2130184173584,200.0
93.39389324188232,200.0
93.28281855583191,200.0
