Response-delay,status-code
1.4051299095153809,200.0
1.1965279579162598,200.0
1.2546179294586182,200.0
1.1727609634399414,200.0
1.171173095703125,200.0
