Response-delay,status-code
354.7687191963196,200.0
354.7119209766388,200.0
354.6989715099335,200.0
354.2778823375702,200.0
353.9910445213318,200.0
