Response-delay,status-code
68.4228458404541,200.0
68.70505809783936,200.0
68.50256204605103,200.0
68.54925107955933,200.0
68.4993908405304,200.0
