Response-delay,status-code
112.48636102676392,200.0
112.36959886550903,200.0
112.42749810218811,200.0
112.30162310600281,200.0
112.36104893684387,200.0
