Response-delay,status-code
3.7952985763549805,200.0
3.8319413661956787,200.0
3.7970778942108154,200.0
3.783202648162842,200.0
3.8373661041259766,200.0
