Response-delay,status-code
3.8185079097747803,200.0
3.8120524883270264,200.0
3.7997169494628906,200.0
3.795768976211548,200.0
3.9475739002227783,200.0
