Response-delay,status-code
1.318892002105713,500.0
1.225703239440918,500.0
1.0982348918914795,500.0
1.1091458797454834,500.0
1.1631460189819336,500.0
