Response-delay,status-code
1.7718560695648193,500.0
1.7474462985992432,500.0
1.7588920593261719,500.0
1.82303786277771,500.0
1.7485325336456299,500.0
