Response-delay,status-code
1.7388238906860352,500.0
1.1544189453125,500.0
1.191545009613037,500.0
1.0911672115325928,500.0
1.0887501239776611,500.0
