Response-delay,status-code
23.90340518951416,200.0
23.758638620376587,200.0
23.791237831115723,200.0
23.809639930725098,200.0
23.743328332901,200.0
