Response-delay,status-code
1.07191801071167,200.0
1.057694911956787,200.0
1.0624010562896729,200.0
1.047382116317749,200.0
1.0481178760528564,200.0
