Response-delay,status-code
3.2502083778381348,500.0
3.29240083694458,500.0
3.298764944076538,500.0
3.2098379135131836,500.0
3.1900227069854736,500.0
