Response-delay,status-code
31.382664918899536,200.0
31.238895654678345,200.0
31.358765840530396,200.0
31.695088148117065,200.0
31.29506254196167,200.0
