Response-delay,status-code
3.981194257736206,500.0
3.9930613040924072,500.0
3.9949147701263428,500.0
3.9240505695343018,500.0
3.967104196548462,500.0
