Response-delay,status-code
1.2317030429840088,200.0
1.1498181819915771,200.0
1.2948250770568848,200.0
1.480545997619629,200.0
1.586670160293579,200.0
