Response-delay,status-code
21.243953227996826,200.0
21.254088401794434,200.0
21.183114051818848,200.0
21.2946994304657,200.0
21.17476534843445,200.0
