Response-delay,status-code
136.8580060005188,200.0
136.9250009059906,200.0
136.98810124397278,200.0
136.8049337863922,200.0
137.01131916046143,200.0
