Response-delay,status-code
68.77029871940613,200.0
68.6234610080719,200.0
68.64123487472534,200.0
68.6698260307312,200.0
68.50511002540588,200.0
