Response-delay,status-code
81.96193194389343,200.0
81.8874728679657,200.0
82.33258891105652,200.0
81.97125196456909,200.0
82.06414008140564,200.0
