Response-delay,status-code
171.55276584625244,200.0
170.9013876914978,200.0
170.76402044296265,200.0
170.5638566017151,200.0
170.37633848190308,200.0
