Response-delay,status-code
20.986106157302856,200.0
20.947654962539673,200.0
20.97501516342163,200.0
21.120537996292114,200.0
20.952785968780518,200.0
