Response-delay,status-code
1.3501453399658203,500.0
0.6070880889892578,500.0
4.119850158691406,500.0
1.31524658203125,500.0
1.3383517265319824,500.0
