Response-delay,status-code
1.080862045288086,500.0
1.0811479091644287,500.0
1.0810658931732178,500.0
1.092376708984375,500.0
1.2295186519622803,500.0
