Response-delay,status-code
600.5841743946075,502.0
600.5966889858246,502.0
600.6163601875305,502.0
600.6037423610687,502.0
600.5879919528961,502.0
