Response-delay,status-code
1.0208487510681152,200.0
1.006331205368042,200.0
1.007429838180542,200.0
1.006263017654419,200.0
1.0069811344146729,200.0
