Response-delay,status-code
34.61774778366089,200.0
34.401113748550415,200.0
34.71362900733948,200.0
34.40130615234375,200.0
34.40615916252136,200.0
