Response-delay,status-code
237.66618990898132,200.0
237.5728063583374,200.0
237.5252137184143,200.0
237.68223977088928,200.0
237.78574967384338,200.0
