Response-delay,status-code
1.2208058834075928,200.0
1.2553527355194092,200.0
1.0226609706878662,200.0
1.0374698638916016,200.0
1.0322418212890625,200.0
