Response-delay,status-code
307.72332787513733,200.0
306.21427822113037,200.0
306.28201699256897,200.0
305.97365522384644,200.0
306.0446960926056,200.0
