Response-delay,status-code
1.4097521305084229,500.0
1.383385419845581,500.0
1.4022681713104248,500.0
1.385986566543579,500.0
1.3801145553588867,500.0
