Response-delay,status-code
20.94103503227234,200.0
20.948863983154297,200.0
21.093655824661255,200.0
20.955931186676025,200.0
20.92481780052185,200.0
