Response-delay,status-code
3.8133881092071533,200.0
3.8704609870910645,200.0
3.7752366065979004,200.0
3.812875270843506,200.0
3.7927122116088867,200.0
