Response-delay,status-code
0.9715530872344971,500.0
0.9573719501495361,500.0
1.190290927886963,500.0
1.0516653060913086,500.0
0.9999806880950928,500.0
