Response-delay,status-code
1.5989749431610107,200.0
1.5313117504119873,200.0
1.535578966140747,200.0
1.1484699249267578,200.0
1.1815879344940186,200.0
