Response-delay,status-code
3.804002046585083,200.0
3.791621685028076,200.0
3.8489906787872314,200.0
3.832925319671631,200.0
3.802407741546631,200.0
