Response-delay,status-code
34.56573510169983,200.0
34.629101037979126,200.0
34.527140855789185,200.0
34.586262941360474,200.0
34.487852811813354,200.0
