Response-delay,status-code
5.108741283416748,200.0
5.099017143249512,200.0
5.096024513244629,200.0
5.110682725906372,200.0
5.11624002456665,200.0
