Response-delay,status-code
4.283440113067627,200.0
4.277577638626099,200.0
4.27872371673584,200.0
4.307901382446289,200.0
4.296369314193726,200.0
