Response-delay,status-code
27.13578701019287,200.0
27.081398963928223,200.0
27.104527235031128,200.0
27.402390003204346,200.0
27.120868921279907,200.0
