Response-delay,status-code
1.4141442775726318,500.0
1.3975410461425781,500.0
1.4026038646697998,500.0
1.4201197624206543,500.0
1.4182617664337158,500.0
