Response-delay,status-code
1.1996049880981445,200.0
1.075179100036621,200.0
1.3773810863494873,200.0
1.225032091140747,200.0
1.0468418598175049,200.0
