Response-delay,status-code
100.32030320167542,200.0
100.34095501899719,200.0
100.14366793632507,200.0
100.04595184326172,200.0
99.92984700202942,200.0
