Response-delay,status-code
6.609198808670044,200.0
6.587169647216797,200.0
6.62813401222229,200.0
6.638889312744141,200.0
6.600343465805054,200.0
