Response-delay,status-code
5.0865397453308105,200.0
5.061507225036621,200.0
5.060907363891602,200.0
5.113589525222778,200.0
5.094738960266113,200.0
