Response-delay,status-code
91.33447408676147,200.0
91.3474497795105,200.0
91.23297214508057,200.0
90.93985509872437,200.0
90.94718217849731,200.0
