Response-delay,status-code
1.9648981094360352,500.0
1.9210426807403564,500.0
1.9534690380096436,500.0
1.9409260749816895,500.0
2.393326759338379,500.0
