Response-delay,status-code
6.953774690628052,200.0
6.979065418243408,200.0
6.995425224304199,200.0
6.992224931716919,200.0
6.9979331493377686,200.0
