Response-delay,status-code
31.260896921157837,200.0
31.273998737335205,200.0
31.26746678352356,200.0
31.346544981002808,200.0
31.246389389038086,200.0
