Response-delay,status-code
23.62839674949646,200.0
23.66477108001709,200.0
23.77935767173767,200.0
23.641809940338135,200.0
23.651406288146973,200.0
