Response-delay,status-code
178.52803254127502,200.0
178.46531915664673,200.0
178.56453037261963,200.0
178.44267344474792,200.0
178.55932593345642,200.0
