Response-delay,status-code
20.9817898273468,200.0
21.187140226364136,200.0
21.073122024536133,200.0
21.009709119796753,200.0
20.988988876342773,200.0
