Response-delay,status-code
1.475330114364624,200.0
1.5342741012573242,200.0
1.5088131427764893,200.0
1.49373197555542,200.0
1.59564208984375,200.0
