Response-delay,status-code
21.074061155319214,200.0
21.19317102432251,200.0
21.19410800933838,200.0
21.02668309211731,200.0
21.053880214691162,200.0
