Response-delay,status-code
6.620828151702881,200.0
6.540713787078857,200.0
6.573009967803955,200.0
6.572596311569214,200.0
6.552839279174805,200.0
