Response-delay,status-code
22.536200284957886,200.0
22.548279762268066,200.0
22.51610565185547,200.0
22.5079448223114,200.0
22.489441394805908,200.0
