Response-delay,status-code
35.173152685165405,200.0
35.79625105857849,200.0
35.17549228668213,200.0
35.2844135761261,200.0
35.31643319129944,200.0
