Response-delay,status-code
34.41556715965271,200.0
34.40757870674133,200.0
34.35842990875244,200.0
34.40730404853821,200.0
34.37153887748718,200.0
