Response-delay,status-code
1.2710809707641602,200.0
1.0434787273406982,200.0
1.100433111190796,200.0
1.2259161472320557,200.0
1.157358169555664,200.0
