Response-delay,status-code
23.79275894165039,200.0
23.616621255874634,200.0
23.629568099975586,200.0
23.69929051399231,200.0
23.74303102493286,200.0
