Response-delay,status-code
1.4989020824432373,200.0
1.532052993774414,200.0
1.4095759391784668,200.0
1.4044151306152344,200.0
1.4795269966125488,200.0
