Response-delay,status-code
1.3796110153198242,200.0
1.2277822494506836,200.0
1.274277925491333,200.0
1.483902931213379,200.0
1.226118803024292,200.0
