Response-delay,status-code
1.1325819492340088,200.0
1.1015641689300537,200.0
1.1136720180511475,200.0
1.2032761573791504,200.0
1.0965240001678467,200.0
