Response-delay,status-code
46.67200803756714,200.0
46.69944763183594,200.0
46.48754334449768,200.0
46.58074688911438,200.0
46.70666193962097,200.0
