Response-delay,status-code
1.3246080875396729,500.0
1.1351299285888672,500.0
1.0177600383758545,500.0
1.2174527645111084,500.0
1.2257468700408936,500.0
