Response-delay,status-code
45.75642514228821,200.0
45.68365693092346,200.0
45.821635246276855,200.0
45.80086088180542,200.0
45.708966970443726,200.0
