Response-delay,status-code
1.1258111000061035,500.0
1.1225059032440186,500.0
1.1312713623046875,500.0
1.1293370723724365,500.0
1.1471245288848877,500.0
