Response-delay,status-code
68.52694034576416,200.0
68.58008170127869,200.0
68.61837005615234,200.0
68.59581398963928,200.0
68.66385865211487,200.0
