Response-delay,status-code
204.5472059249878,200.0
204.2846052646637,200.0
204.2864580154419,200.0
204.594251871109,200.0
204.05606293678284,200.0
