Response-delay,status-code
1.1186280250549316,200.0
1.0808382034301758,200.0
1.0692558288574219,200.0
1.1883420944213867,200.0
1.2996792793273926,200.0
