Response-delay,status-code
13.405033349990845,200.0
13.399902820587158,200.0
13.403602361679077,200.0
13.803140640258789,200.0
13.283549070358276,200.0
