Response-delay,status-code
3.818549633026123,200.0
3.825895309448242,200.0
4.171277284622192,200.0
3.826056957244873,200.0
3.817234992980957,200.0
