Response-delay,status-code
46.247211933135986,200.0
46.4232337474823,200.0
46.2830126285553,200.0
46.291783809661865,200.0
46.384448766708374,200.0
