Response-delay,status-code
1.288954257965088,500.0
1.2999827861785889,500.0
1.2793538570404053,500.0
1.0724248886108398,500.0
1.3291912078857422,500.0
