Response-delay,status-code
1.1130571365356445,500.0
1.1062746047973633,500.0
1.1402978897094727,500.0
1.538045883178711,500.0
1.110926628112793,500.0
