Response-delay,status-code
1.3439218997955322,500.0
1.3308115005493164,500.0
1.334101915359497,500.0
1.2985799312591553,500.0
1.3294892311096191,500.0
