Response-delay,status-code
34.3598997592926,200.0
34.34727096557617,200.0
34.95530700683594,200.0
34.37761950492859,200.0
34.3394238948822,200.0
