Response-delay,status-code
75.90376496315002,200.0
75.87126088142395,200.0
75.67160201072693,200.0
75.77452373504639,200.0
75.60689306259155,200.0
