Response-delay,status-code
1.2810430526733398,500.0
1.2628331184387207,500.0
1.2261672019958496,500.0
0.977653980255127,500.0
0.9674081802368164,500.0
