Response-delay,status-code
1.0722911357879639,200.0
1.0532231330871582,200.0
1.0540809631347656,200.0
1.0935947895050049,200.0
1.0550098419189453,200.0
