Response-delay,status-code
23.78625988960266,200.0
24.178869009017944,200.0
23.706832885742188,200.0
23.700255632400513,200.0
23.635785579681396,200.0
