Response-delay,status-code
1.0849549770355225,200.0
1.0180480480194092,200.0
1.1034350395202637,200.0
1.0024492740631104,200.0
1.0007679462432861,200.0
