Response-delay,status-code
23.082364797592163,200.0
23.172274112701416,200.0
23.140748023986816,200.0
23.076841115951538,200.0
23.041066884994507,200.0
