Response-delay,status-code
27.07396912574768,200.0
27.065715312957764,200.0
27.33331608772278,200.0
27.032161712646484,200.0
27.338484048843384,200.0
