Response-delay,status-code
4.8403639793396,200.0
4.809653997421265,200.0
4.808923006057739,200.0
4.871540069580078,200.0
4.799816131591797,200.0
