Response-delay,status-code
36.080451011657715,200.0
35.993947982788086,200.0
35.99973201751709,200.0
35.892767906188965,200.0
35.93614721298218,200.0
