Response-delay,status-code
1.1319985389709473,500.0
1.1133902072906494,500.0
1.1344027519226074,500.0
1.195464849472046,500.0
1.1164641380310059,500.0
