Response-delay,status-code
3.932398796081543,500.0
3.9144797325134277,500.0
3.9722163677215576,500.0
3.9130938053131104,500.0
3.976689100265503,500.0
