Response-delay,status-code
5.085623741149902,200.0
5.0818190574646,200.0
5.071795701980591,200.0
5.082832098007202,200.0
5.0949461460113525,200.0
