Response-delay,status-code
1.7760539054870605,500.0
1.5102789402008057,500.0
1.520756721496582,500.0
1.5520739555358887,500.0
1.5089550018310547,500.0
