Response-delay,status-code
34.278926372528076,200.0
34.30943298339844,200.0
34.262127161026,200.0
34.26375913619995,200.0
34.26972937583923,200.0
