Response-delay,status-code
2.2563588619232178,500.0
2.256243944168091,500.0
2.267045021057129,500.0
2.2756152153015137,500.0
2.2416110038757324,500.0
