Response-delay,status-code
3.7720115184783936,200.0
3.750328302383423,200.0
3.758136510848999,200.0
3.7312028408050537,200.0
3.74495530128479,200.0
