Response-delay,status-code
4.418751239776611,200.0
4.444016933441162,200.0
4.424811363220215,200.0
4.41438102722168,200.0
4.390366315841675,200.0
