Response-delay,status-code
0.9614429473876953,500.0
0.9052879810333252,500.0
0.9292409420013428,500.0
0.9355781078338623,500.0
0.9374089241027832,500.0
