Response-delay,status-code
1.276749849319458,500.0
1.2506775856018066,500.0
1.2637858390808105,500.0
1.26529860496521,500.0
1.2836835384368896,500.0
