Response-delay,status-code
1.4407958984375,500.0
1.4571058750152588,500.0
1.4553630352020264,500.0
1.442946434020996,500.0
1.4360888004302979,500.0
