Response-delay,status-code
149.554016828537,200.0
149.58523631095886,200.0
149.31714487075806,200.0
149.41597890853882,200.0
149.44193482398987,200.0
