Response-delay,status-code
3.807950496673584,200.0
3.780690908432007,200.0
3.818209648132324,200.0
3.808833360671997,200.0
3.80177903175354,200.0
