Response-delay,status-code
9.541520595550537,200.0
9.50388479232788,200.0
9.4831702709198,200.0
9.493022203445435,200.0
9.49698805809021,200.0
