Response-delay,status-code
1.46036958694458,500.0
1.462773323059082,500.0
1.4781689643859863,500.0
1.4517924785614014,500.0
1.4691896438598633,500.0
