Response-delay,status-code
2.1347110271453857,500.0
2.1130809783935547,500.0
2.1066150665283203,500.0
2.132986307144165,500.0
2.127711057662964,500.0
