Response-delay,status-code
1.0040147304534912,500.0
1.073483943939209,500.0
0.9917187690734863,500.0
1.05147385597229,500.0
1.026839017868042,500.0
