Response-delay,status-code
23.621561288833618,200.0
23.62653636932373,200.0
23.79223895072937,200.0
23.749746322631836,200.0
23.687231302261353,200.0
