Response-delay,status-code
177.85084414482117,200.0
178.11055207252502,200.0
178.57558369636536,200.0
177.99111080169678,200.0
178.041748046875,200.0
