Response-delay,status-code
23.724313735961914,200.0
23.736860275268555,200.0
23.662050485610962,200.0
23.63772463798523,200.0
23.644216775894165,200.0
