Response-delay,status-code
23.023180961608887,200.0
23.049782037734985,200.0
23.287976026535034,200.0
23.01897692680359,200.0
23.057038068771362,200.0
