Response-delay,status-code
1.2688658237457275,500.0
1.263214111328125,500.0
1.2618470191955566,500.0
1.259979486465454,500.0
1.2546701431274414,500.0
