Response-delay,status-code
1.1198170185089111,500.0
1.0797231197357178,500.0
1.0670480728149414,500.0
1.0774037837982178,500.0
1.079005241394043,500.0
