Response-delay,status-code
18.87772226333618,200.0
18.79040217399597,200.0
18.7972469329834,200.0
18.70635437965393,200.0
19.38926887512207,200.0
