Response-delay,status-code
1.4670941829681396,500.0
1.4770147800445557,500.0
1.4446377754211426,500.0
1.4672191143035889,500.0
1.4621381759643555,500.0
