Response-delay,status-code
76.23790001869202,200.0
76.44522213935852,200.0
76.99389386177063,200.0
76.05027985572815,200.0
76.08796000480652,200.0
