Response-delay,status-code
1.0582211017608643,500.0
1.0955350399017334,500.0
0.9968130588531494,500.0
0.9933691024780273,500.0
1.204770803451538,500.0
