Response-delay,status-code
1.7645063400268555,500.0
1.7629249095916748,500.0
1.7414500713348389,500.0
1.7579059600830078,500.0
1.752265453338623,500.0
