Response-delay,status-code
1.390270709991455,500.0
1.3988003730773926,500.0
1.3833930492401123,500.0
1.3978519439697266,500.0
1.386756181716919,500.0
