Response-delay,status-code
34.40479493141174,200.0
34.3224151134491,200.0
34.37958288192749,200.0
34.622129917144775,200.0
34.54881191253662,200.0
