Response-delay,status-code
0.9961509704589844,500.0
0.972541093826294,500.0
0.985551118850708,500.0
0.9705078601837158,500.0
0.9960880279541016,500.0
