Response-delay,status-code
18.76841902732849,200.0
18.716930627822876,200.0
18.689088821411133,200.0
18.69301176071167,200.0
18.687845945358276,200.0
