Response-delay,status-code
74.4238510131836,200.0
74.38577389717102,200.0
74.44226503372192,200.0
74.41031694412231,200.0
74.44538688659668,200.0
