Response-delay,status-code
1.010477066040039,500.0
1.0118992328643799,500.0
1.226029634475708,500.0
1.2255759239196777,500.0
1.225679874420166,500.0
