Response-delay,status-code
1.0853157043457031,500.0
1.088759422302246,500.0
1.0856308937072754,500.0
1.1239683628082275,500.0
1.103748083114624,500.0
