Response-delay,status-code
68.12129616737366,200.0
67.83306193351746,200.0
68.08228993415833,200.0
68.89480400085449,200.0
67.78263115882874,200.0
