Response-delay,status-code
4.903071641921997,200.0
4.813496828079224,200.0
4.822199821472168,200.0
4.824066400527954,200.0
4.841595411300659,200.0
