Response-delay,status-code
4.523303270339966,200.0
4.480432033538818,200.0
4.506897687911987,200.0
4.486636161804199,200.0
4.577734708786011,200.0
