Response-delay,status-code
600.6012659072876,502.0
600.5987772941589,502.0
600.5947868824005,502.0
600.5976581573486,502.0
600.6051602363586,502.0
