Response-delay,status-code
260.7431740760803,200.0
261.06419610977173,200.0
261.12132382392883,200.0
260.50364804267883,200.0
260.6360058784485,200.0
