Response-delay,status-code
27.12585186958313,200.0
27.334160089492798,200.0
27.135366916656494,200.0
27.23440384864807,200.0
27.291991710662842,200.0
