Response-delay,status-code
3.796372652053833,200.0
3.7689132690429688,200.0
3.765733242034912,200.0
3.7778239250183105,200.0
3.77288556098938,200.0
