Response-delay,status-code
76.64442086219788,200.0
76.75945281982422,200.0
76.83464908599854,200.0
76.70443820953369,200.0
76.64016699790955,200.0
