Response-delay,status-code
36.03540301322937,200.0
36.11885118484497,200.0
36.25148797035217,200.0
35.913307189941406,200.0
36.066455125808716,200.0
