Response-delay,status-code
45.363455057144165,200.0
45.364309310913086,200.0
45.43410611152649,200.0
45.56540584564209,200.0
45.622347593307495,200.0
