Response-delay,status-code
1.9000134468078613,500.0
1.9030084609985352,500.0
1.8784565925598145,500.0
1.875309705734253,500.0
1.8727490901947021,500.0
