Response-delay,status-code
31.357041120529175,200.0
31.225375413894653,200.0
31.236806631088257,200.0
31.338507175445557,200.0
31.284336805343628,200.0
