Response-delay,status-code
3.9117748737335205,200.0
4.167418003082275,200.0
3.5308327674865723,200.0
3.686563014984131,200.0
3.442507028579712,200.0
