Response-delay,status-code
3.8351705074310303,200.0
3.776895761489868,200.0
3.791335105895996,200.0
3.788677215576172,200.0
3.7940773963928223,200.0
