Response-delay,status-code
112.49581384658813,200.0
112.27191090583801,200.0
112.35721898078918,200.0
112.49145817756653,200.0
112.41350817680359,200.0
