Response-delay,status-code
1.8855299949645996,500.0
1.8690192699432373,500.0
1.86688232421875,500.0
1.8856334686279297,500.0
1.880791187286377,500.0
