Response-delay,status-code
1.8964290618896484,500.0
1.8680036067962646,500.0
1.8779218196868896,500.0
1.8663065433502197,500.0
1.8608217239379883,500.0
