Response-delay,status-code
5.081199407577515,200.0
5.077214241027832,200.0
5.084223985671997,200.0
5.093780517578125,200.0
5.283731698989868,200.0
