Response-delay,status-code
1.158959150314331,500.0
1.1402788162231445,500.0
1.0826680660247803,500.0
1.1843111515045166,500.0
1.0796229839324951,500.0
