Response-delay,status-code
23.670008182525635,200.0
23.66803288459778,200.0
23.6956467628479,200.0
23.68823480606079,200.0
23.782381772994995,200.0
