Response-delay,status-code
34.270784854888916,200.0
34.372150897979736,200.0
34.29509401321411,200.0
34.14476013183594,200.0
34.38467001914978,200.0
