Response-delay,status-code
45.63533616065979,200.0
45.719783782958984,200.0
45.76932382583618,200.0
45.74542713165283,200.0
45.79594612121582,200.0
