Response-delay,status-code
3.5609867572784424,200.0
3.5453262329101562,200.0
3.557487726211548,200.0
3.50327730178833,200.0
3.5168936252593994,200.0
