Response-delay,status-code
5.085429906845093,200.0
5.077136993408203,200.0
5.110060214996338,200.0
5.116398811340332,200.0
5.098880290985107,200.0
