Response-delay,status-code
1.2893414497375488,500.0
1.2720203399658203,500.0
1.261824607849121,500.0
1.2876152992248535,500.0
1.271238088607788,500.0
