Response-delay,status-code
1.1500475406646729,500.0
1.3755466938018799,500.0
1.1264872550964355,500.0
1.1453964710235596,500.0
1.1213798522949219,500.0
