Response-delay,status-code
2.2355310916900635,500.0
2.185620069503784,500.0
2.1945197582244873,500.0
2.7739734649658203,500.0
2.2263338565826416,500.0
