Response-delay,status-code
23.700359106063843,200.0
23.775182008743286,200.0
23.658267498016357,200.0
23.61311936378479,200.0
23.65579319000244,200.0
