Response-delay,status-code
346.90572595596313,200.0
347.3119761943817,200.0
347.1387469768524,200.0
346.8269340991974,200.0
347.1353511810303,200.0
