Response-delay,status-code
1.4406821727752686,200.0
1.128270149230957,200.0
1.3228719234466553,200.0
1.226639747619629,200.0
1.2318270206451416,200.0
