Response-delay,status-code
178.60440039634705,200.0
178.57091236114502,200.0
178.39240837097168,200.0
178.4561653137207,200.0
178.61549615859985,200.0
