Response-delay,status-code
46.018040895462036,200.0
45.541624546051025,200.0
45.597445487976074,200.0
45.57365369796753,200.0
45.55892062187195,200.0
