Response-delay,status-code
13.606743574142456,200.0
13.496745586395264,200.0
13.408237218856812,200.0
13.492232322692871,200.0
13.48054313659668,200.0
