Response-delay,status-code
4.858098268508911,200.0
4.836874961853027,200.0
4.83725118637085,200.0
4.816717147827148,200.0
4.93611216545105,200.0
