Response-delay,status-code
5.090477705001831,200.0
5.111801624298096,200.0
5.077832221984863,200.0
5.093797922134399,200.0
5.088905334472656,200.0
