Response-delay,status-code
224.58614325523376,200.0
224.39471292495728,200.0
224.91665983200073,200.0
224.69064712524414,200.0
224.49436807632446,200.0
