Response-delay,status-code
302.93502473831177,200.0
302.6925239562988,200.0
302.7963788509369,200.0
302.77423000335693,200.0
303.33082914352417,200.0
