Response-delay,status-code
4.303237676620483,200.0
4.312267065048218,200.0
4.276066780090332,200.0
4.284347772598267,200.0
4.282682418823242,200.0
