Response-delay,status-code
3.8104584217071533,200.0
3.803091049194336,200.0
3.8032150268554688,200.0
3.7934558391571045,200.0
3.7890145778656006,200.0
