Response-delay,status-code
1.769514560699463,500.0
1.771803855895996,500.0
1.7643587589263916,500.0
1.769223928451538,500.0
1.7703943252563477,500.0
