Response-delay,status-code
5.094159841537476,200.0
5.230236291885376,200.0
5.220841884613037,200.0
5.120059251785278,200.0
5.320611953735352,200.0
