Response-delay,status-code
1.0844111442565918,500.0
1.0756468772888184,500.0
1.0737049579620361,500.0
1.0719280242919922,500.0
1.0811231136322021,500.0
