Response-delay,status-code
1.6060535907745361,500.0
1.5773398876190186,500.0
1.802901268005371,500.0
1.5963678359985352,500.0
1.6071102619171143,500.0
