Response-delay,status-code
260.9602599143982,200.0
261.25960969924927,200.0
260.7519884109497,200.0
261.10385727882385,200.0
261.049435377121,200.0
