Response-delay,status-code
1.7808387279510498,500.0
1.7538869380950928,500.0
1.776658058166504,500.0
1.7538785934448242,500.0
1.7547271251678467,500.0
