Response-delay,status-code
34.54864549636841,200.0
34.53788900375366,200.0
34.52961087226868,200.0
34.50287914276123,200.0
34.49537897109985,200.0
