Response-delay,status-code
1.0275421142578125,200.0
1.004425048828125,200.0
1.0059020519256592,200.0
1.0035028457641602,200.0
1.0023512840270996,200.0
