Response-delay,status-code
1.7135403156280518,500.0
1.7777042388916016,500.0
1.6949677467346191,500.0
1.638444185256958,500.0
1.6690878868103027,500.0
