Response-delay,status-code
23.66500687599182,200.0
23.794864654541016,200.0
23.636971950531006,200.0
23.709186553955078,200.0
23.637328147888184,200.0
