Response-delay,status-code
4.4492270946502686,200.0
3.7904744148254395,200.0
3.786715507507324,200.0
3.800114631652832,200.0
3.7799949645996094,200.0
