Response-delay,status-code
1.140869140625,200.0
1.162750005722046,200.0
1.1278390884399414,200.0
1.1426329612731934,200.0
1.1361470222473145,200.0
