Response-delay,status-code
1.7157211303710938,500.0
1.6939520835876465,500.0
1.4448230266571045,500.0
1.4534540176391602,500.0
1.5386569499969482,500.0
