Response-delay,status-code
1.0957880020141602,500.0
1.1035819053649902,500.0
0.9757509231567383,500.0
0.9717252254486084,500.0
0.9948751926422119,500.0
