Response-delay,status-code
1.5100197792053223,500.0
1.4421703815460205,500.0
1.4494783878326416,500.0
1.4481031894683838,500.0
1.4514415264129639,500.0
