Response-delay,status-code
31.25402021408081,200.0
31.255199909210205,200.0
31.272881746292114,200.0
31.25424599647522,200.0
31.240981817245483,200.0
