Response-delay,status-code
1.0977518558502197,200.0
1.0547089576721191,200.0
1.095937967300415,200.0
1.0814602375030518,200.0
1.060840129852295,200.0
