Response-delay,status-code
204.78723907470703,200.0
205.82299494743347,200.0
205.8225839138031,200.0
205.81965804100037,200.0
204.86697793006897,200.0
