Response-delay,status-code
34.132534980773926,200.0
34.13581204414368,200.0
34.23673892021179,200.0
34.223994970321655,200.0
34.272825956344604,200.0
