Response-delay,status-code
1.0891408920288086,200.0
1.0640597343444824,200.0
1.1353418827056885,200.0
1.2257421016693115,200.0
1.2285871505737305,200.0
