Response-delay,status-code
21.29890775680542,200.0
21.194321870803833,200.0
21.254700183868408,200.0
21.134159088134766,200.0
20.748574256896973,200.0
