Response-delay,status-code
3.83252215385437,200.0
3.7885992527008057,200.0
3.7795820236206055,200.0
3.789337158203125,200.0
3.808725357055664,200.0
