Response-delay,status-code
76.08300709724426,200.0
76.0510482788086,200.0
75.95193290710449,200.0
75.92352890968323,200.0
76.19010901451111,200.0
