Response-delay,status-code
1.7199740409851074,500.0
1.767030954360962,500.0
1.6547088623046875,500.0
1.7181639671325684,500.0
1.7411630153656006,500.0
