Response-delay,status-code
68.15925788879395,200.0
68.17103004455566,200.0
68.1754298210144,200.0
68.29860711097717,200.0
68.13194012641907,200.0
