Response-delay,status-code
91.61693787574768,200.0
91.23305416107178,200.0
91.29769492149353,200.0
91.27734708786011,200.0
91.32880115509033,200.0
