Response-delay,status-code
159.76501750946045,200.0
159.90514755249023,200.0
159.30141711235046,200.0
159.86613368988037,200.0
159.70874404907227,200.0
