Response-delay,status-code
34.57257699966431,200.0
34.58277773857117,200.0
34.58281135559082,200.0
34.569117069244385,200.0
34.539122343063354,200.0
