Response-delay,status-code
34.51416492462158,200.0
34.42810010910034,200.0
34.40310311317444,200.0
34.38414525985718,200.0
34.37485408782959,200.0
