Response-delay,status-code
3.85107684135437,200.0
3.816068649291992,200.0
3.805056095123291,200.0
3.847766160964966,200.0
3.8216254711151123,200.0
