Response-delay,status-code
3.193554401397705,500.0
3.183650016784668,500.0
3.0947763919830322,500.0
3.1460464000701904,500.0
3.061957359313965,500.0
