Response-delay,status-code
4.85613489151001,200.0
4.812376022338867,200.0
4.834630489349365,200.0
4.884312152862549,200.0
4.86022162437439,200.0
