Response-delay,status-code
89.14971804618835,200.0
88.47172021865845,200.0
88.54453706741333,200.0
88.70614981651306,200.0
88.56734204292297,200.0
