Response-delay,status-code
13.470061779022217,200.0
13.588582515716553,200.0
13.477450370788574,200.0
13.53805947303772,200.0
13.496383666992188,200.0
