Response-delay,status-code
4.860376358032227,200.0
4.824990510940552,200.0
4.863799333572388,200.0
4.816600561141968,200.0
4.849995851516724,200.0
