Response-delay,status-code
3.7456822395324707,200.0
3.711766242980957,200.0
3.7473082542419434,200.0
3.746173858642578,200.0
3.710583209991455,200.0
