Response-delay,status-code
3.8066177368164062,200.0
3.809969425201416,200.0
3.7959461212158203,200.0
3.7895867824554443,200.0
3.7836415767669678,200.0
