Response-delay,status-code
34.60008692741394,200.0
34.34899973869324,200.0
34.362854957580566,200.0
34.49883484840393,200.0
34.32551598548889,200.0
