Response-delay,status-code
21.011134147644043,200.0
20.972709894180298,200.0
20.984291076660156,200.0
21.224114894866943,200.0
21.037484884262085,200.0
