Response-delay,status-code
13.472413539886475,200.0
13.491401433944702,200.0
13.493117094039917,200.0
13.398285150527954,200.0
13.399723291397095,200.0
