Response-delay,status-code
6.600058555603027,200.0
6.579814910888672,200.0
6.570865154266357,200.0
6.5392165184021,200.0
6.560503244400024,200.0
