Response-delay,status-code
5.109896183013916,200.0
5.1122729778289795,200.0
5.090363264083862,200.0
5.086394786834717,200.0
5.082154273986816,200.0
