Response-delay,status-code
2.9189577102661133,500.0
2.890793800354004,500.0
2.8996949195861816,500.0
2.9572060108184814,500.0
2.927586317062378,500.0
