Response-delay,status-code
3.835796356201172,200.0
3.8187692165374756,200.0
3.828338861465454,200.0
3.8511900901794434,200.0
3.9171664714813232,200.0
