Response-delay,status-code
261.45225524902344,200.0
261.62213039398193,200.0
262.34929847717285,200.0
261.4200351238251,200.0
261.35666584968567,200.0
