Response-delay,status-code
92.1340742111206,200.0
92.18701457977295,200.0
92.18607211112976,200.0
92.20795059204102,200.0
92.18458724021912,200.0
