Response-delay,status-code
1.891383409500122,500.0
1.8933568000793457,500.0
1.8805902004241943,500.0
1.9014437198638916,500.0
1.8832755088806152,500.0
