Response-delay,status-code
235.64818620681763,200.0
235.45575523376465,200.0
248.51618480682373,200.0
235.46113562583923,200.0
235.5464940071106,200.0
