Response-delay,status-code
5.1191630363464355,200.0
5.619024753570557,200.0
5.1002256870269775,200.0
5.658100128173828,200.0
5.092341899871826,200.0
