Response-delay,status-code
2.513953924179077,200.0
2.458972930908203,200.0
2.39845609664917,200.0
2.5114309787750244,200.0
2.389897108078003,200.0
