Response-delay,status-code
178.67876887321472,200.0
178.69033217430115,200.0
178.53108263015747,200.0
178.61017298698425,200.0
178.6840991973877,200.0
