Response-delay,status-code
3.572505235671997,200.0
3.541757583618164,200.0
3.609403133392334,200.0
3.5402421951293945,200.0
3.5468454360961914,200.0
