Response-delay,status-code
69.89041948318481,200.0
69.91112518310547,200.0
69.97475004196167,200.0
69.89557766914368,200.0
69.78179550170898,200.0
