Response-delay,status-code
1.285808801651001,200.0
1.2251501083374023,200.0
1.2262341976165771,200.0
1.2265870571136475,200.0
1.226139783859253,200.0
