Response-delay,status-code
1.1810505390167236,500.0
1.5047852993011475,500.0
4.622583627700806,500.0
1.1836504936218262,500.0
1.1808984279632568,500.0
