Response-delay,status-code
1.0928020477294922,500.0
1.006317138671875,500.0
1.016981840133667,500.0
0.986469030380249,500.0
1.282649278640747,500.0
