Response-delay,status-code
34.40545082092285,200.0
34.591898918151855,200.0
34.43194079399109,200.0
34.68327808380127,200.0
34.69364404678345,200.0
