Response-delay,status-code
1.1864724159240723,500.0
1.1711983680725098,500.0
1.1754965782165527,500.0
1.1972923278808594,500.0
0.6041843891143799,500.0
