Response-delay,status-code
2.8351895809173584,500.0
2.8160359859466553,500.0
2.7973663806915283,500.0
2.8720920085906982,500.0
2.894623279571533,500.0
