Response-delay,status-code
1.1538739204406738,200.0
1.1339037418365479,200.0
1.1364920139312744,200.0
1.1503641605377197,200.0
1.1353068351745605,200.0
