Response-delay,status-code
30.98822569847107,200.0
31.00921654701233,200.0
31.247554063796997,200.0
30.994365215301514,200.0
31.062419414520264,200.0
