Response-delay,status-code
21.01194930076599,200.0
21.007313013076782,200.0
21.001033067703247,200.0
21.008347272872925,200.0
20.981548070907593,200.0
