Response-delay,status-code
28.276498317718506,200.0
28.302978515625,200.0
28.255828619003296,200.0
28.260863542556763,200.0
28.277278661727905,200.0
