Response-delay,status-code
1.2664413452148438,500.0
1.2554445266723633,500.0
1.2363603115081787,500.0
1.2405507564544678,500.0
1.2369787693023682,500.0
