Response-delay,status-code
2.2959697246551514,500.0
2.2802956104278564,500.0
2.2470152378082275,500.0
2.4622690677642822,500.0
2.223203659057617,500.0
