Response-delay,status-code
34.48330879211426,200.0
34.354252099990845,200.0
34.40171480178833,200.0
34.4574818611145,200.0
34.35677886009216,200.0
