Response-delay,status-code
1.1198060512542725,500.0
1.2261931896209717,500.0
1.0159070491790771,500.0
1.0011889934539795,500.0
1.3533189296722412,500.0
