Response-delay,status-code
1.4702036380767822,500.0
1.4252862930297852,500.0
1.4387948513031006,500.0
1.4759175777435303,500.0
1.4517958164215088,500.0
