Response-delay,status-code
523.6584451198578,200.0
523.6944916248322,200.0
523.7918322086334,200.0
523.1984548568726,200.0
523.3792209625244,200.0
