Response-delay,status-code
1.5841984748840332,500.0
1.5989971160888672,500.0
1.590259313583374,500.0
1.5929901599884033,500.0
1.5996158123016357,500.0
