Response-delay,status-code
352.85237193107605,200.0
352.1969344615936,200.0
352.10613536834717,200.0
352.46794748306274,200.0
350.8228178024292,200.0
