Response-delay,status-code
106.54191827774048,200.0
106.38242292404175,200.0
106.39611530303955,200.0
106.48873901367188,200.0
106.40314292907715,200.0
