Response-delay,status-code
45.70859503746033,200.0
45.66981792449951,200.0
45.613101959228516,200.0
45.97483205795288,200.0
45.70225191116333,200.0
