Response-delay,status-code
1.157771110534668,200.0
1.1300041675567627,200.0
1.1660840511322021,200.0
1.130506992340088,200.0
1.1354701519012451,200.0
