Response-delay,status-code
3.816861867904663,200.0
3.8137662410736084,200.0
3.7839407920837402,200.0
3.828125476837158,200.0
3.785644054412842,200.0
