Response-delay,status-code
5.133914470672607,200.0
5.125312328338623,200.0
5.20374321937561,200.0
5.1279497146606445,200.0
5.151702880859375,200.0
