Response-delay,status-code
1.4223730564117432,200.0
1.0619142055511475,200.0
1.078812837600708,200.0
1.076889991760254,200.0
1.3740148544311523,200.0
