Response-delay,status-code
45.53328585624695,200.0
45.444130182266235,200.0
45.541213035583496,200.0
45.65570402145386,200.0
45.63111233711243,200.0
