Response-delay,status-code
23.052993535995483,200.0
22.9940767288208,200.0
23.040875673294067,200.0
23.048370122909546,200.0
23.05985999107361,200.0
