Response-delay,status-code
34.516485929489136,200.0
34.472872734069824,200.0
34.41651701927185,200.0
34.634257078170776,200.0
34.403563022613525,200.0
