Response-delay,status-code
1.0478322505950928,500.0
1.086350917816162,500.0
1.0419108867645264,500.0
1.027312994003296,500.0
1.0274732112884521,500.0
