Response-delay,status-code
1.1408169269561768,500.0
1.1377286911010742,500.0
1.080306053161621,500.0
1.090749979019165,500.0
1.2000298500061035,500.0
