Response-delay,status-code
1.3596301078796387,500.0
1.329334020614624,500.0
1.3203752040863037,500.0
1.2859456539154053,500.0
1.293135166168213,500.0
