Response-delay,status-code
6.721856117248535,200.0
6.520709991455078,200.0
6.685327768325806,200.0
6.550399303436279,200.0
6.5695881843566895,200.0
