Response-delay,status-code
21.09160876274109,200.0
20.962399005889893,200.0
20.967365980148315,200.0
21.038138151168823,200.0
21.05907368659973,200.0
