Response-delay,status-code
1.2779576778411865,200.0
1.2634797096252441,200.0
1.226637601852417,200.0
1.2256767749786377,200.0
1.2262871265411377,200.0
