Response-delay,status-code
23.707494258880615,200.0
23.676929712295532,200.0
23.820168018341064,200.0
23.689485549926758,200.0
23.707297801971436,200.0
