Response-delay,status-code
1.4254217147827148,500.0
1.3056418895721436,500.0
1.3442020416259766,500.0
1.4500432014465332,500.0
1.3210289478302002,500.0
