Response-delay,status-code
1.5298728942871094,500.0
1.5279862880706787,500.0
1.5324623584747314,500.0
1.5208451747894287,500.0
2.1520493030548096,500.0
