Response-delay,status-code
1.4540801048278809,500.0
1.1985688209533691,500.0
1.2523939609527588,500.0
1.2977490425109863,500.0
1.295313835144043,500.0
