Response-delay,status-code
3.4668009281158447,200.0
3.4833853244781494,200.0
3.4975225925445557,200.0
3.488550901412964,200.0
3.4698305130004883,200.0
