Response-delay,status-code
44.24310898780823,200.0
44.32992506027222,200.0
44.26473689079285,200.0
44.21652674674988,200.0
44.19133448600769,200.0
