Response-delay,status-code
3.717808485031128,200.0
3.74411940574646,200.0
3.7521719932556152,200.0
3.764326333999634,200.0
3.727062463760376,200.0
