Response-delay,status-code
1.7585198879241943,500.0
1.7549586296081543,500.0
1.7558388710021973,500.0
1.755373477935791,500.0
1.7605969905853271,500.0
