Response-delay,status-code
7.0207438468933105,200.0
7.000393629074097,200.0
6.97486138343811,200.0
7.0156755447387695,200.0
6.917359828948975,200.0
