Response-delay,status-code
6.550229072570801,200.0
6.596831321716309,200.0
6.558480739593506,200.0
6.533412933349609,200.0
6.559316158294678,200.0
