Response-delay,status-code
13.4223952293396,200.0
13.402399063110352,200.0
13.385901689529419,200.0
13.411737203598022,200.0
13.374338388442993,200.0
