Response-delay,status-code
23.3023099899292,200.0
23.347727060317993,200.0
23.064078092575073,200.0
23.120516061782837,200.0
23.082928895950317,200.0
