Response-delay,status-code
3.5421900749206543,200.0
3.458415985107422,200.0
3.3995678424835205,200.0
3.660626173019409,200.0
3.361268997192383,200.0
