Response-delay,status-code
3.863800048828125,200.0
3.826047897338867,200.0
3.9908251762390137,200.0
3.8078250885009766,200.0
3.8087708950042725,200.0
