Response-delay,status-code
20.95820379257202,200.0
21.132071018218994,200.0
21.092186212539673,200.0
20.93836998939514,200.0
21.053435802459717,200.0
