Response-delay,status-code
24.97489833831787,200.0
23.43450903892517,200.0
23.075767993927002,200.0
23.1064031124115,200.0
23.356899976730347,200.0
