Response-delay,status-code
5.140045404434204,200.0
5.113922357559204,200.0
5.0992591381073,200.0
5.123782396316528,200.0
5.114726543426514,200.0
