Response-delay,status-code
1.903292179107666,500.0
1.8681042194366455,500.0
1.8801991939544678,500.0
1.8807299137115479,500.0
1.8646910190582275,500.0
