Response-delay,status-code
68.02686309814453,200.0
68.50575923919678,200.0
68.17330145835876,200.0
68.39186763763428,200.0
68.40475130081177,200.0
