Response-delay,status-code
23.581894874572754,200.0
23.508344888687134,200.0
23.557969093322754,200.0
23.504828214645386,200.0
23.68548321723938,200.0
