Response-delay,status-code
68.5560941696167,200.0
68.4884557723999,200.0
68.49903082847595,200.0
68.49007678031921,200.0
68.47225761413574,200.0
