Response-delay,status-code
40.51202988624573,200.0
40.69336700439453,200.0
40.4894700050354,200.0
40.60614776611328,200.0
40.55216908454895,200.0
