Response-delay,status-code
1.3789339065551758,500.0
1.1822190284729004,500.0
1.536557912826538,500.0
2.041602849960327,500.0
1.4348070621490479,500.0
