Response-delay,status-code
1.1504051685333252,200.0
1.128673791885376,200.0
1.1329400539398193,200.0
1.1458518505096436,200.0
1.1257359981536865,200.0
