Response-delay,status-code
162.27095699310303,200.0
161.92618870735168,200.0
161.93240213394165,200.0
161.88877367973328,200.0
162.14887309074402,200.0
