Response-delay,status-code
299.9330232143402,200.0
299.4974422454834,200.0
299.8472819328308,200.0
299.96085000038147,200.0
299.88319396972656,200.0
