Response-delay,status-code
1.1665832996368408,500.0
1.1698276996612549,500.0
1.1980781555175781,500.0
1.176349401473999,500.0
1.1526949405670166,500.0
