Response-delay,status-code
2.758734941482544,200.0
2.7055299282073975,200.0
2.7073819637298584,200.0
2.686475992202759,200.0
2.69742488861084,200.0
