Response-delay,status-code
90.82279396057129,200.0
90.74005603790283,200.0
90.75912690162659,200.0
90.79522204399109,200.0
90.69831013679504,200.0
