Response-delay,status-code
600.6012375354767,502.0
600.9121055603027,502.0
600.5945384502411,502.0
600.6174647808075,502.0
600.5995390415192,502.0
