Response-delay,status-code
1.109450101852417,200.0
1.1475539207458496,200.0
1.1622898578643799,200.0
1.2928781509399414,200.0
1.0520360469818115,200.0
