Response-delay,status-code
1.387181282043457,500.0
1.3870770931243896,500.0
1.3855552673339844,500.0
1.3803303241729736,500.0
1.381748914718628,500.0
