Response-delay,status-code
600.5904695987701,502.0
600.5853133201599,502.0
600.5828900337219,502.0
601.185140132904,502.0
600.6127150058746,502.0
