Response-delay,status-code
23.7794132232666,200.0
23.779061555862427,200.0
23.82025694847107,200.0
23.840604543685913,200.0
23.797477960586548,200.0
