Response-delay,status-code
23.594828128814697,200.0
23.524367809295654,200.0
23.553807258605957,200.0
23.589481115341187,200.0
23.556762218475342,200.0
