Response-delay,status-code
3.820066213607788,200.0
3.8292040824890137,200.0
3.8292601108551025,200.0
3.769925832748413,200.0
3.924468994140625,200.0
