Response-delay,status-code
93.06897974014282,200.0
92.88559699058533,200.0
93.08896350860596,200.0
92.99937987327576,200.0
92.99935221672058,200.0
