Response-delay,status-code
5.097720146179199,200.0
5.081308841705322,200.0
5.080518484115601,200.0
5.084643125534058,200.0
5.094297885894775,200.0
