Response-delay,status-code
67.88768815994263,200.0
68.1228039264679,200.0
67.91437005996704,200.0
67.91800808906555,200.0
67.6701066493988,200.0
