Response-delay,status-code
1.1797168254852295,200.0
1.146461009979248,200.0
1.2395992279052734,200.0
1.145582675933838,200.0
1.3066272735595703,200.0
