Response-delay,status-code
1.1958985328674316,500.0
1.1898491382598877,500.0
1.1697032451629639,500.0
1.173952341079712,500.0
1.1653602123260498,500.0
