Response-delay,status-code
1.28965163230896,500.0
1.2642900943756104,500.0
1.2728443145751953,500.0
1.2703948020935059,500.0
1.2677335739135742,500.0
