Response-delay,status-code
1.4720959663391113,500.0
1.4672327041625977,500.0
1.4689197540283203,500.0
1.4593284130096436,500.0
1.4625144004821777,500.0
