Response-delay,status-code
2.26393723487854,500.0
2.2261581420898438,500.0
2.2594082355499268,500.0
2.219691276550293,500.0
2.2522218227386475,500.0
