Response-delay,status-code
23.26902747154236,200.0
23.256402730941772,200.0
23.27102780342102,200.0
23.276516675949097,200.0
23.224865913391113,200.0
