Response-delay,status-code
21.260112762451172,200.0
21.25147008895874,200.0
21.278292179107666,200.0
21.278841733932495,200.0
21.31244993209839,200.0
