Response-delay,status-code
3.788013219833374,200.0
3.802469491958618,200.0
3.779651165008545,200.0
3.76212739944458,200.0
3.7707767486572266,200.0
