Response-delay,status-code
1.744959831237793,500.0
1.764183521270752,500.0
1.7639923095703125,500.0
1.7418510913848877,500.0
1.7425014972686768,500.0
