Response-delay,status-code
3.422574520111084,200.0
3.401787519454956,200.0
3.4225845336914062,200.0
3.4153523445129395,200.0
3.4141037464141846,200.0
