Response-delay,status-code
68.28018188476562,200.0
68.28315901756287,200.0
68.21280097961426,200.0
69.2801411151886,200.0
68.22643899917603,200.0
