Response-delay,status-code
153.74503588676453,200.0
153.60768008232117,200.0
153.53544807434082,200.0
153.95957779884338,200.0
153.90455985069275,200.0
