Response-delay,status-code
27.151690006256104,200.0
27.243526220321655,200.0
27.103654146194458,200.0
27.264646768569946,200.0
27.105897426605225,200.0
