Response-delay,status-code
3.354980707168579,500.0
3.312494993209839,500.0
3.4635140895843506,500.0
3.4093897342681885,500.0
3.3166935443878174,500.0
