Response-delay,status-code
3.7949681282043457,200.0
3.792117118835449,200.0
3.8102993965148926,200.0
3.772268295288086,200.0
3.830158233642578,200.0
