Response-delay,status-code
4.3191540241241455,200.0
4.3477418422698975,200.0
4.29824686050415,200.0
4.282593011856079,200.0
4.315911054611206,200.0
