Response-delay,status-code
1.270801067352295,500.0
1.2729051113128662,500.0
1.2625863552093506,500.0
1.2676000595092773,500.0
1.2764155864715576,500.0
