Response-delay,status-code
1.1495580673217773,200.0
1.034229040145874,200.0
1.237333059310913,200.0
1.007420301437378,200.0
1.0142252445220947,200.0
