Response-delay,status-code
6.983990430831909,200.0
6.9935853481292725,200.0
6.986523628234863,200.0
7.0036780834198,200.0
6.991931676864624,200.0
