Response-delay,status-code
12.112097263336182,200.0
12.110469818115234,200.0
12.288216590881348,200.0
12.191778182983398,200.0
12.194220781326294,200.0
