Response-delay,status-code
2.494128942489624,200.0
2.544360876083374,200.0
2.5674850940704346,200.0
2.4561209678649902,200.0
2.3562750816345215,200.0
