Response-delay,status-code
27.244107961654663,200.0
27.31837511062622,200.0
27.35781502723694,200.0
27.338387966156006,200.0
27.07264995574951,200.0
