Response-delay,status-code
20.992408990859985,200.0
21.388481855392456,200.0
21.11535882949829,200.0
21.04413104057312,200.0
21.4272301197052,200.0
