Response-delay,status-code
1.5039963722229004,500.0
1.4646191596984863,500.0
1.4808895587921143,500.0
1.467684030532837,500.0
1.4637587070465088,500.0
