Response-delay,status-code
9.609821319580078,200.0
9.596039056777954,200.0
9.578100204467773,200.0
9.59981632232666,200.0
9.592066049575806,200.0
