Response-delay,status-code
2.765568971633911,500.0
2.716423988342285,500.0
2.7764978408813477,500.0
2.8058719635009766,500.0
2.7891740798950195,500.0
