Response-delay,status-code
1.184433937072754,200.0
1.3022887706756592,200.0
1.2272980213165283,200.0
1.0990231037139893,200.0
1.3525981903076172,200.0
