Response-delay,status-code
23.660409688949585,200.0
23.653661251068115,200.0
23.655527591705322,200.0
23.738969802856445,200.0
23.628969192504883,200.0
