Response-delay,status-code
1.3535175323486328,500.0
1.3223636150360107,500.0
1.3174476623535156,500.0
1.3008606433868408,500.0
1.302917242050171,500.0
