Response-delay,status-code
21.071352005004883,200.0
21.040305137634277,200.0
21.0364089012146,200.0
21.036471128463745,200.0
21.03992772102356,200.0
