Response-delay,status-code
23.698727130889893,200.0
23.580337524414062,200.0
23.699140548706055,200.0
23.668703317642212,200.0
23.7511043548584,200.0
