Response-delay,status-code
41.13044309616089,200.0
41.151850938797,200.0
41.171329975128174,200.0
41.26599717140198,200.0
41.67319202423096,200.0
