Response-delay,status-code
21.266431093215942,200.0
21.19482707977295,200.0
21.19345998764038,200.0
21.195702075958252,200.0
20.945539951324463,200.0
