Response-delay,status-code
3.734243869781494,200.0
3.727247476577759,200.0
3.7425501346588135,200.0
3.7168991565704346,200.0
3.7234811782836914,200.0
