Response-delay,status-code
5.458150148391724,200.0
5.486158847808838,200.0
5.424032926559448,200.0
5.425563097000122,200.0
5.437148809432983,200.0
