Response-delay,status-code
34.77842378616333,200.0
34.66635823249817,200.0
34.72636532783508,200.0
34.655553102493286,200.0
34.791632890701294,200.0
