Response-delay,status-code
22.903738975524902,200.0
22.422010898590088,200.0
22.4083468914032,200.0
22.646661043167114,200.0
22.79325008392334,200.0
