Response-delay,status-code
34.90335822105408,200.0
34.72069597244263,200.0
34.34024405479431,200.0
34.34357213973999,200.0
34.35405373573303,200.0
