Response-delay,status-code
28.404714584350586,200.0
28.392722606658936,200.0
28.41434144973755,200.0
28.397623777389526,200.0
28.814326286315918,200.0
