Response-delay,status-code
3.5153067111968994,200.0
3.5217504501342773,200.0
3.4895927906036377,200.0
3.513131856918335,200.0
3.5036113262176514,200.0
