Response-delay,status-code
34.372217416763306,200.0
34.391186237335205,200.0
34.35930633544922,200.0
34.408193826675415,200.0
34.41444230079651,200.0
