Response-delay,status-code
1.4528138637542725,500.0
1.49688720703125,500.0
1.4609718322753906,500.0
1.6682913303375244,500.0
1.4866657257080078,500.0
