Response-delay,status-code
23.646484851837158,200.0
23.581608295440674,200.0
23.577660083770752,200.0
23.701603174209595,200.0
23.635849952697754,200.0
