Response-delay,status-code
1.4162726402282715,500.0
1.420971393585205,500.0
1.421276569366455,500.0
1.4269752502441406,500.0
1.4181945323944092,500.0
