Response-delay,status-code
1.1072180271148682,500.0
1.0745232105255127,500.0
1.0854089260101318,500.0
1.2766079902648926,500.0
1.074537992477417,500.0
