Response-delay,status-code
75.98699688911438,200.0
76.0358018875122,200.0
76.094722032547,200.0
75.86738300323486,200.0
76.058589220047,200.0
