Response-delay,status-code
1.075815200805664,200.0
1.0592849254608154,200.0
1.0474600791931152,200.0
1.067291259765625,200.0
1.0509800910949707,200.0
