Response-delay,status-code
1.1528716087341309,500.0
1.146134853363037,500.0
1.1506931781768799,500.0
1.1501686573028564,500.0
1.1523616313934326,500.0
