Response-delay,status-code
261.97418308258057,200.0
260.74888730049133,200.0
261.8890519142151,200.0
261.68128776550293,200.0
261.84567046165466,200.0
