Response-delay,status-code
149.57356905937195,200.0
149.68865513801575,200.0
149.70204997062683,200.0
149.67245602607727,200.0
149.4386260509491,200.0
