Response-delay,status-code
5.636218070983887,500.0
5.615336656570435,500.0
5.5961244106292725,500.0
5.592688083648682,500.0
5.693325757980347,500.0
