Response-delay,status-code
23.20060396194458,200.0
23.34428310394287,200.0
23.33592915534973,200.0
23.087541818618774,200.0
23.303214073181152,200.0
