Response-delay,status-code
1.2741057872772217,500.0
1.265430212020874,500.0
1.2592415809631348,500.0
1.2606067657470703,500.0
1.2740354537963867,500.0
