Response-delay,status-code
1.1817598342895508,200.0
1.1119120121002197,200.0
1.1180949211120605,200.0
1.4514811038970947,200.0
1.1112980842590332,200.0
