Response-delay,status-code
23.583396911621094,200.0
23.613771200180054,200.0
23.730994939804077,200.0
23.563902139663696,200.0
23.549299955368042,200.0
