Response-delay,status-code
4.880601167678833,200.0
4.865069389343262,200.0
4.837242841720581,200.0
4.882593154907227,200.0
4.855691432952881,200.0
