Response-delay,status-code
46.648951292037964,200.0
46.67554187774658,200.0
46.64052963256836,200.0
46.76848077774048,200.0
46.66338801383972,200.0
