Response-delay,status-code
3.3431456089019775,500.0
3.3655455112457275,500.0
3.3936574459075928,500.0
3.3144893646240234,500.0
3.377131700515747,500.0
