Response-delay,status-code
2.5004279613494873,500.0
2.502894878387451,500.0
2.4759039878845215,500.0
2.5027859210968018,500.0
2.4883110523223877,500.0
