Response-delay,status-code
1.5049269199371338,500.0
1.5694530010223389,500.0
1.5098090171813965,500.0
1.4974830150604248,500.0
1.4999911785125732,500.0
