Response-delay,status-code
1.9214787483215332,500.0
1.9320924282073975,500.0
1.8874294757843018,500.0
1.9108161926269531,500.0
1.8869600296020508,500.0
