Response-delay,status-code
1.5468261241912842,200.0
1.7141399383544922,200.0
1.5007920265197754,200.0
1.4748449325561523,200.0
1.6447348594665527,200.0
