Response-delay,status-code
5.115616083145142,200.0
5.1336829662323,200.0
5.085062026977539,200.0
5.134042024612427,200.0
5.0929131507873535,200.0
