Response-delay,status-code
1.2830631732940674,500.0
1.5981199741363525,500.0
1.1628189086914062,500.0
1.1881461143493652,500.0
1.2649428844451904,500.0
