Response-delay,status-code
1.525202989578247,200.0
1.6678359508514404,200.0
1.544266939163208,200.0
1.6733767986297607,200.0
1.5103251934051514,200.0
