Response-delay,status-code
1.3041930198669434,500.0
1.2980690002441406,500.0
1.2259678840637207,500.0
1.2268848419189453,500.0
1.2252819538116455,500.0
