Response-delay,status-code
1.1867749691009521,500.0
1.0025160312652588,500.0
1.0199711322784424,500.0
1.347365140914917,500.0
1.129417896270752,500.0
