Response-delay,status-code
1.0506408214569092,500.0
1.2268080711364746,500.0
1.1780412197113037,500.0
1.0109829902648926,500.0
0.9743540287017822,500.0
