Response-delay,status-code
2.5343551635742188,500.0
2.7843761444091797,500.0
3.031369924545288,502.0
3.9687538146972656,500.0
9.79470705986023,500.0
