Response-delay,status-code
1.1392712593078613,500.0
1.1597671508789062,500.0
1.1435399055480957,500.0
1.1658124923706055,500.0
1.1477677822113037,500.0
