Response-delay,status-code
136.65022325515747,200.0
136.49299693107605,200.0
136.5046830177307,200.0
136.38344597816467,200.0
136.48946404457092,200.0
