Response-delay,status-code
3.9828708171844482,200.0
3.542479991912842,200.0
3.544093370437622,200.0
3.5375750064849854,200.0
3.5676424503326416,200.0
