Response-delay,status-code
20.665343046188354,200.0
20.630527019500732,200.0
20.5748188495636,200.0
20.736937999725342,200.0
20.651351928710938,200.0
