Response-delay,status-code
27.268528938293457,200.0
27.0970139503479,200.0
27.126672744750977,200.0
27.09580707550049,200.0
27.116150856018066,200.0
