Response-delay,status-code
53.735788106918335,200.0
53.4491081237793,200.0
53.4043607711792,200.0
53.49798393249512,200.0
53.7445330619812,200.0
