Response-delay,status-code
0.9898989200592041,500.0
0.9744486808776855,500.0
0.9738409519195557,500.0
0.9731369018554688,500.0
0.9846582412719727,500.0
