Response-delay,status-code
3.7807557582855225,200.0
3.7774810791015625,200.0
3.8197193145751953,200.0
3.763899326324463,200.0
3.7796239852905273,200.0
