Response-delay,status-code
1.7903103828430176,500.0
1.7944042682647705,500.0
1.7989649772644043,500.0
1.7884104251861572,500.0
1.8156464099884033,500.0
