Response-delay,status-code
21.541279554367065,200.0
21.306848764419556,200.0
21.291410207748413,200.0
21.296516180038452,200.0
21.29729461669922,200.0
