Response-delay,status-code
135.8110888004303,200.0
135.72380900382996,200.0
135.68671298027039,200.0
135.57968401908875,200.0
135.7754261493683,200.0
