Response-delay,status-code
23.644797801971436,200.0
23.70266103744507,200.0
23.57459592819214,200.0
23.67513108253479,200.0
23.520751953125,200.0
