Response-delay,status-code
23.095420360565186,200.0
23.076484441757202,200.0
23.098342657089233,200.0
23.091103076934814,200.0
23.35356616973877,200.0
