Response-delay,status-code
3.5610718727111816,200.0
3.5423641204833984,200.0
3.5275776386260986,200.0
3.5668227672576904,200.0
3.574995279312134,200.0
