Response-delay,status-code
5.115601301193237,200.0
5.089206695556641,200.0
5.078903436660767,200.0
5.0829033851623535,200.0
5.070472955703735,200.0
