Response-delay,status-code
1.174617052078247,500.0
1.1708648204803467,500.0
1.1690468788146973,500.0
1.1603012084960938,500.0
1.193204641342163,500.0
