Response-delay,status-code
357.7738449573517,200.0
358.19574093818665,200.0
357.7972161769867,200.0
356.9790253639221,200.0
356.98853754997253,200.0
