Response-delay,status-code
1.0173990726470947,500.0
1.206833839416504,500.0
1.6413600444793701,500.0
1.1059401035308838,500.0
0.9994451999664307,500.0
