Response-delay,status-code
1.481412410736084,500.0
1.4398093223571777,500.0
1.4655373096466064,500.0
1.4432322978973389,500.0
1.4482860565185547,500.0
