Response-delay,status-code
600.6015737056732,502.0
600.5785732269287,502.0
600.6018972396851,502.0
600.5877771377563,502.0
600.9360702037811,502.0
