Response-delay,status-code
192.24265360832214,200.0
179.1920804977417,200.0
178.56834745407104,200.0
178.65247082710266,200.0
178.70739150047302,200.0
