Response-delay,status-code
34.534682750701904,200.0
34.511451959609985,200.0
34.570165157318115,200.0
34.33778667449951,200.0
34.44201970100403,200.0
