Response-delay,status-code
3.2691891193389893,500.0
3.306199550628662,500.0
3.28491473197937,500.0
3.7839362621307373,500.0
3.300931930541992,500.0
