Response-delay,status-code
5.09454345703125,200.0
5.0864856243133545,200.0
5.083564043045044,200.0
5.0846803188323975,200.0
5.081583738327026,200.0
