Response-delay,status-code
3.4128496646881104,200.0
3.4066662788391113,200.0
3.4085426330566406,200.0
3.4084880352020264,200.0
3.4062016010284424,200.0
