Response-delay,status-code
262.8889853954315,200.0
263.1479170322418,200.0
261.5026116371155,200.0
262.06331753730774,200.0
262.0037705898285,200.0
