Response-delay,status-code
41.18904399871826,200.0
41.209614992141724,200.0
41.21870422363281,200.0
41.23320293426514,200.0
41.342583894729614,200.0
