Response-delay,status-code
53.43516707420349,200.0
53.45173096656799,200.0
53.421244859695435,200.0
53.60512924194336,200.0
53.61776399612427,200.0
