Response-delay,status-code
1.05649995803833,200.0
1.0161793231964111,200.0
1.01552414894104,200.0
1.0309991836547852,200.0
1.0963139533996582,200.0
