Response-delay,status-code
1.1001009941101074,500.0
1.1178503036499023,500.0
1.0975604057312012,500.0
1.101867914199829,500.0
1.094881534576416,500.0
