Response-delay,status-code
76.32630896568298,200.0
76.09773111343384,200.0
76.19185090065002,200.0
76.10280919075012,200.0
76.2063901424408,200.0
