Response-delay,status-code
1.2432398796081543,500.0
1.3018651008605957,500.0
1.0229401588439941,500.0
1.4297490119934082,500.0
1.2250638008117676,500.0
