Response-delay,status-code
27.364229202270508,200.0
27.33724093437195,200.0
27.33803391456604,200.0
27.151059865951538,200.0
27.5270779132843,200.0
