Response-delay,status-code
3.6534008979797363,500.0
3.594369411468506,500.0
3.607130765914917,500.0
3.5987863540649414,500.0
3.591369390487671,500.0
