Response-delay,status-code
2.395069122314453,200.0
2.3913228511810303,200.0
2.427608013153076,200.0
2.573798894882202,200.0
2.6194140911102295,200.0
