Response-delay,status-code
6.598017930984497,200.0
6.584333896636963,200.0
6.603369235992432,200.0
6.5851874351501465,200.0
6.636214733123779,200.0
