Response-delay,status-code
68.01955461502075,200.0
68.05478596687317,200.0
68.01909923553467,200.0
68.03032922744751,200.0
67.97648429870605,200.0
