Response-delay,status-code
34.57090210914612,200.0
34.569257974624634,200.0
34.56609892845154,200.0
34.584928035736084,200.0
34.506420850753784,200.0
