Response-delay,status-code
3.7988808155059814,200.0
3.851412773132324,200.0
3.8237316608428955,200.0
4.448678731918335,200.0
4.851706504821777,200.0
