Response-delay,status-code
3.826197385787964,200.0
3.815464735031128,200.0
3.846379518508911,200.0
3.823484182357788,200.0
3.7996139526367188,200.0
