Response-delay,status-code
42.26593017578125,200.0
42.23719930648804,200.0
42.3683807849884,200.0
42.29236364364624,200.0
42.31404232978821,200.0
