Response-delay,status-code
1.5513379573822021,500.0
1.5331909656524658,500.0
1.3188059329986572,500.0
1.4411320686340332,500.0
1.534024953842163,500.0
