Response-delay,status-code
1.2405502796173096,500.0
1.4592950344085693,500.0
1.8008151054382324,500.0
1.5320379734039307,500.0
1.216308832168579,500.0
