Response-delay,status-code
27.096625089645386,200.0
27.05043387413025,200.0
27.05675196647644,200.0
27.03661870956421,200.0
27.10221004486084,200.0
