Response-delay,status-code
1.2585654258728027,500.0
1.2785718441009521,500.0
1.2536308765411377,500.0
1.2715098857879639,500.0
1.2549004554748535,500.0
