Response-delay,status-code
1.0097169876098633,500.0
1.1598210334777832,500.0
1.261509895324707,500.0
1.0189480781555176,500.0
1.2076170444488525,500.0
