Response-delay,status-code
23.78616714477539,200.0
23.787321090698242,200.0
23.767868757247925,200.0
23.856586456298828,200.0
23.752360820770264,200.0
