Response-delay,status-code
3.814114570617676,200.0
3.954946279525757,200.0
3.818594217300415,200.0
3.7937748432159424,200.0
3.9138479232788086,200.0
