Response-delay,status-code
45.7677218914032,200.0
45.748594999313354,200.0
45.79487919807434,200.0
45.796632528305054,200.0
45.82302927970886,200.0
