Response-delay,status-code
23.81404995918274,200.0
23.662620306015015,200.0
23.715495586395264,200.0
23.644937753677368,200.0
23.68529987335205,200.0
