Response-delay,status-code
68.07833981513977,200.0
68.21871519088745,200.0
68.23294472694397,200.0
68.19689798355103,200.0
68.19501376152039,200.0
