Response-delay,status-code
5.600191354751587,500.0
5.600517511367798,500.0
5.588882923126221,500.0
5.578846454620361,500.0
5.6010026931762695,500.0
