Response-delay,status-code
1.6238007545471191,500.0
1.5960991382598877,500.0
1.5628769397735596,500.0
1.7075300216674805,500.0
1.6373798847198486,500.0
