Response-delay,status-code
1.5012845993041992,500.0
1.5140068531036377,500.0
1.495859146118164,500.0
1.5203602313995361,500.0
1.4937729835510254,500.0
