Response-delay,status-code
1.0849969387054443,200.0
1.1104397773742676,200.0
1.0569641590118408,200.0
1.0546767711639404,200.0
1.0608201026916504,200.0
