Response-delay,status-code
1.4176599979400635,500.0
1.4017250537872314,500.0
1.4224698543548584,500.0
1.3968422412872314,500.0
1.4000890254974365,500.0
