Response-delay,status-code
5.620544672012329,500.0
5.694079637527466,500.0
5.6986823081970215,500.0
5.691732406616211,500.0
5.696401357650757,500.0
