Response-delay,status-code
1.1287167072296143,500.0
1.1464087963104248,500.0
1.133404016494751,500.0
1.1246676445007324,500.0
1.1254417896270752,500.0
