Response-delay,status-code
45.6156210899353,200.0
45.56059002876282,200.0
45.58876156806946,200.0
45.544636964797974,200.0
45.59390473365784,200.0
