Response-delay,status-code
1.2167513370513916,500.0
1.213263750076294,500.0
1.2561135292053223,500.0
1.213928461074829,500.0
1.2114002704620361,500.0
