Response-delay,status-code
3.794711112976074,200.0
3.790226697921753,200.0
3.7741358280181885,200.0
3.7806875705718994,200.0
3.8957016468048096,200.0
