Response-delay,status-code
93.44626951217651,200.0
93.48161602020264,200.0
93.38929772377014,200.0
93.40246367454529,200.0
93.28888535499573,200.0
