Response-delay,status-code
2.3020079135894775,500.0
2.0327510833740234,500.0
2.1008219718933105,500.0
2.0983359813690186,500.0
2.2945609092712402,500.0
