Response-delay,status-code
1.3714401721954346,200.0
1.1511571407318115,200.0
1.2131321430206299,200.0
1.312865972518921,200.0
1.2271578311920166,200.0
