Response-delay,status-code
1.302811622619629,500.0
1.2937211990356445,500.0
1.2899813652038574,500.0
1.2903389930725098,500.0
1.2957568168640137,500.0
