Response-delay,status-code
4.942034482955933,200.0
4.867776155471802,200.0
4.807443380355835,200.0
4.854795694351196,200.0
4.897404193878174,200.0
