Response-delay,status-code
238.0040078163147,200.0
237.87635850906372,200.0
238.01752519607544,200.0
237.97332119941711,200.0
238.28481197357178,200.0
