Response-delay,status-code
1.5539069175720215,200.0
1.2940857410430908,200.0
1.300065040588379,200.0
1.3923263549804688,200.0
1.2951841354370117,200.0
