Response-delay,status-code
1.437936544418335,500.0
1.410529613494873,500.0
1.4112038612365723,500.0
1.4151835441589355,500.0
1.4149751663208008,500.0
