Response-delay,status-code
4.290569305419922,200.0
4.3082239627838135,200.0
4.3294594287872314,200.0
4.301226615905762,200.0
4.273165941238403,200.0
