Response-delay,status-code
1.6057236194610596,500.0
1.6052136421203613,500.0
1.6035792827606201,500.0
1.6541838645935059,500.0
1.632514476776123,500.0
