Response-delay,status-code
177.69784307479858,200.0
177.86786532402039,200.0
177.8319365978241,200.0
177.72887134552002,200.0
177.80506777763367,200.0
