Response-delay,status-code
135.4368360042572,200.0
135.5911750793457,200.0
135.5955400466919,200.0
135.20258116722107,200.0
135.39864230155945,200.0
