Response-delay,status-code
1.1464476585388184,500.0
1.1372320652008057,500.0
1.1409385204315186,500.0
1.1410810947418213,500.0
1.136195421218872,500.0
