Response-delay,status-code
93.01829075813293,200.0
93.16165137290955,200.0
93.10733675956726,200.0
93.28176665306091,200.0
93.03908181190491,200.0
