Response-delay,status-code
23.822316884994507,200.0
23.766327619552612,200.0
23.886643886566162,200.0
23.751927375793457,200.0
23.871763944625854,200.0
