Response-delay,status-code
5.111775875091553,200.0
5.097862720489502,200.0
5.106982469558716,200.0
5.104357957839966,200.0
5.106998920440674,200.0
