Response-delay,status-code
1.1402723789215088,500.0
1.1131706237792969,500.0
1.1338701248168945,500.0
1.1291224956512451,500.0
1.1133074760437012,500.0
