Response-delay,status-code
5.082415580749512,200.0
5.057695388793945,200.0
5.0863916873931885,200.0
5.125688552856445,200.0
5.071624517440796,200.0
