Response-delay,status-code
1.2663860321044922,200.0
1.1938350200653076,200.0
1.6811189651489258,200.0
1.225571870803833,200.0
1.171349048614502,200.0
