Response-delay,status-code
1.431502342224121,500.0
1.4316339492797852,500.0
1.9076433181762695,500.0
1.4498577117919922,500.0
1.4339683055877686,500.0
