Response-delay,status-code
1.3334641456604004,500.0
1.2897799015045166,500.0
1.285414218902588,500.0
1.2904977798461914,500.0
1.3193867206573486,500.0
