Response-delay,status-code
2.951826572418213,500.0
3.5940158367156982,500.0
2.9961330890655518,500.0
2.9446637630462646,500.0
2.961622714996338,500.0
