Response-delay,status-code
1.7716872692108154,500.0
1.7988684177398682,500.0
1.7781100273132324,500.0
1.7929937839508057,500.0
1.7559726238250732,500.0
