Response-delay,status-code
3.795558214187622,200.0
3.7868430614471436,200.0
3.7945759296417236,200.0
3.7847087383270264,200.0
3.794386625289917,200.0
