Response-delay,status-code
1.1189117431640625,500.0
1.1176819801330566,500.0
1.6592013835906982,500.0
1.1173946857452393,500.0
1.1142902374267578,500.0
