Response-delay,status-code
68.18602895736694,200.0
68.45505475997925,200.0
68.19614696502686,200.0
68.19601368904114,200.0
68.19540572166443,200.0
