Response-delay,status-code
3.4825222492218018,200.0
3.4952995777130127,200.0
3.485638380050659,200.0
3.4555509090423584,200.0
3.4867796897888184,200.0
