Response-delay,status-code
1.34779691696167,500.0
1.3437788486480713,500.0
1.3507306575775146,500.0
1.3544518947601318,500.0
1.3626651763916016,500.0
