Response-delay,status-code
5.11861515045166,200.0
5.087617635726929,200.0
5.1149582862854,200.0
5.078576326370239,200.0
5.103113174438477,200.0
