Response-delay,status-code
23.723017930984497,200.0
23.56105899810791,200.0
23.601566076278687,200.0
23.48382806777954,200.0
23.654743909835815,200.0
