Response-delay,status-code
27.399423122406006,200.0
27.235631942749023,200.0
27.162781953811646,200.0
27.223344087600708,200.0
27.150498151779175,200.0
