Response-delay,status-code
1.0048766136169434,200.0
0.9831862449645996,200.0
0.9835689067840576,200.0
0.995776891708374,200.0
0.9921736717224121,200.0
