Response-delay,status-code
106.46441507339478,200.0
106.53953194618225,200.0
106.33031010627747,200.0
106.44760489463806,200.0
106.44430494308472,200.0
