Response-delay,status-code
4.293600082397461,200.0
4.287231206893921,200.0
4.316579580307007,200.0
4.656422138214111,200.0
4.2826690673828125,200.0
