Response-delay,status-code
23.616918325424194,200.0
24.396798372268677,200.0
23.632808446884155,200.0
24.042129516601562,200.0
23.65198063850403,200.0
