Response-delay,status-code
1.7683188915252686,500.0
1.7767260074615479,500.0
1.787489891052246,500.0
1.781890869140625,500.0
1.7667779922485352,500.0
