Response-delay,status-code
1.1383247375488281,500.0
1.136146068572998,500.0
1.1419856548309326,500.0
1.1597211360931396,500.0
1.134589672088623,500.0
