Response-delay,status-code
9.642666101455688,200.0
9.604839086532593,200.0
9.581634044647217,200.0
9.590059518814087,200.0
9.599804162979126,200.0
