Response-delay,status-code
21.54887294769287,200.0
21.29843807220459,200.0
21.43955683708191,200.0
21.350971698760986,200.0
21.303781509399414,200.0
