Response-delay,status-code
1.0654220581054688,500.0
1.050624132156372,500.0
1.1529271602630615,500.0
1.055105209350586,500.0
1.0403544902801514,500.0
