Response-delay,status-code
34.414302110672,200.0
34.09739303588867,200.0
34.10449528694153,200.0
34.302379846572876,200.0
34.190285205841064,200.0
