Response-delay,status-code
34.447023153305054,200.0
34.41523098945618,200.0
34.41804909706116,200.0
34.33867025375366,200.0
34.60872006416321,200.0
