Response-delay,status-code
2.0329043865203857,500.0
1.9442641735076904,500.0
1.9702234268188477,500.0
1.9108340740203857,500.0
1.9551324844360352,500.0
