Response-delay,status-code
1.84521484375,500.0
1.8384828567504883,500.0
1.847987413406372,500.0
1.846517562866211,500.0
1.8566317558288574,500.0
