Response-delay,status-code
1.154555082321167,500.0
1.236232042312622,500.0
1.1534569263458252,500.0
1.2365140914916992,500.0
1.1555099487304688,500.0
