Response-delay,status-code
88.86812019348145,200.0
88.83293008804321,200.0
88.77868914604187,200.0
88.65681910514832,200.0
88.67257690429688,200.0
