Response-delay,status-code
162.06231331825256,200.0
161.71922612190247,200.0
161.55372166633606,200.0
161.50450110435486,200.0
161.56250548362732,200.0
