Response-delay,status-code
1.4954047203063965,500.0
1.4683234691619873,500.0
1.4611947536468506,500.0
1.4928231239318848,500.0
1.4634857177734375,500.0
