Response-delay,status-code
1.1440150737762451,200.0
1.1273081302642822,200.0
1.1258301734924316,200.0
1.1300129890441895,200.0
1.1507830619812012,200.0
