Response-delay,status-code
2.248358726501465,500.0
1.6545729637145996,500.0
1.6961946487426758,500.0
1.6432900428771973,500.0
1.6457743644714355,500.0
