Response-delay,status-code
1.2884891033172607,200.0
1.1660559177398682,200.0
1.4149909019470215,200.0
1.227689266204834,200.0
1.3562119007110596,200.0
