Response-delay,status-code
1.5779378414154053,500.0
1.599320650100708,500.0
1.5868537425994873,500.0
1.5925352573394775,500.0
1.6290884017944336,500.0
