Response-delay,status-code
3.4769999980926514,200.0
3.4648618698120117,200.0
3.4541563987731934,200.0
3.455700635910034,200.0
3.4837114810943604,200.0
