Response-delay,status-code
23.640221118927002,200.0
23.747668027877808,200.0
23.615604877471924,200.0
23.649057149887085,200.0
23.56698703765869,200.0
