Response-delay,status-code
2.644237756729126,500.0
3.2849643230438232,500.0
2.6918649673461914,500.0
2.61128306388855,500.0
2.6728060245513916,500.0
