Response-delay,status-code
34.1704421043396,200.0
34.29143309593201,200.0
34.41936898231506,200.0
34.79049825668335,200.0
34.215598821640015,200.0
