Response-delay,status-code
1.2639539241790771,500.0
1.278212308883667,500.0
1.258150339126587,500.0
1.2673230171203613,500.0
1.2605419158935547,500.0
