Response-delay,status-code
1.121861457824707,500.0
1.1371748447418213,500.0
1.1175899505615234,500.0
1.1334972381591797,500.0
1.1211934089660645,500.0
