Response-delay,status-code
68.11437106132507,200.0
68.08651447296143,200.0
68.07546329498291,200.0
68.18886590003967,200.0
68.21367979049683,200.0
