Response-delay,status-code
1.310509204864502,500.0
1.2990314960479736,500.0
1.3022916316986084,500.0
1.3238954544067383,500.0
1.3037149906158447,500.0
