Response-delay,status-code
28.40018367767334,200.0
28.249247074127197,200.0
28.34899091720581,200.0
28.552411317825317,200.0
28.35451912879944,200.0
