Response-delay,status-code
6.453274488449097,200.0
6.48039698600769,200.0
6.426593542098999,200.0
6.3899312019348145,200.0
6.40688943862915,200.0
