Response-delay,status-code
1.403808355331421,500.0
1.3999557495117188,500.0
1.4361772537231445,500.0
1.4018876552581787,500.0
1.4000732898712158,500.0
