Response-delay,status-code
13.349053382873535,200.0
13.46819519996643,200.0
13.315877676010132,200.0
13.384101867675781,200.0
13.40777039527893,200.0
