Response-delay,status-code
5.09741997718811,200.0
5.089715003967285,200.0
5.0879967212677,200.0
5.09282660484314,200.0
5.083425998687744,200.0
