Response-delay,status-code
3.5480306148529053,200.0
3.5857179164886475,200.0
3.534942388534546,200.0
3.5358686447143555,200.0
3.5213093757629395,200.0
