Response-delay,status-code
2.897106647491455,500.0
2.8937816619873047,500.0
2.917602777481079,500.0
2.873345136642456,500.0
2.8962371349334717,500.0
