Response-delay,status-code
20.945370197296143,200.0
21.027086973190308,200.0
21.214176177978516,200.0
20.964293241500854,200.0
20.996050119400024,200.0
