Response-delay,status-code
1.6188700199127197,500.0
1.5929794311523438,500.0
1.6078417301177979,500.0
1.5986452102661133,500.0
1.5830354690551758,500.0
