Response-delay,status-code
1.336672067642212,200.0
1.226222276687622,200.0
1.2256929874420166,200.0
1.0644590854644775,200.0
1.3869118690490723,200.0
