Response-delay,status-code
1.0095608234405518,500.0
1.000568151473999,500.0
1.114281177520752,500.0
1.0033154487609863,500.0
1.0046684741973877,500.0
