Response-delay,status-code
5.094660997390747,200.0
5.080124139785767,200.0
5.073972940444946,200.0
5.0880303382873535,200.0
5.094208717346191,200.0
