Response-delay,status-code
1.2727735042572021,500.0
1.2974615097045898,500.0
1.281693696975708,500.0
1.2690556049346924,500.0
1.271010160446167,500.0
