Response-delay,status-code
1.2757678031921387,500.0
1.3567016124725342,500.0
4.578498125076294,500.0
1.2456510066986084,500.0
1.2404212951660156,500.0
