Response-delay,status-code
27.457449913024902,200.0
27.170259952545166,200.0
27.171971082687378,200.0
27.366058111190796,200.0
27.334984302520752,200.0
