Response-delay,status-code
1.1651291847229004,500.0
1.0793201923370361,500.0
1.131356954574585,500.0
1.1551010608673096,500.0
1.081693172454834,500.0
