Response-delay,status-code
2.161271572113037,500.0
2.1537930965423584,500.0
2.1353328227996826,500.0
2.1473188400268555,500.0
2.204047679901123,500.0
