Response-delay,status-code
82.0605788230896,200.0
82.08580207824707,200.0
82.11771512031555,200.0
82.06894707679749,200.0
82.70263695716858,200.0
