Response-delay,status-code
1.1471335887908936,500.0
1.1507177352905273,500.0
1.1382155418395996,500.0
1.1603801250457764,500.0
1.1485276222229004,500.0
