Response-delay,status-code
34.26289939880371,200.0
34.40292191505432,200.0
34.40593409538269,200.0
34.40050292015076,200.0
34.405494928359985,200.0
