Response-delay,status-code
3.472341537475586,200.0
3.457439661026001,200.0
3.4575490951538086,200.0
3.478854179382324,200.0
3.460287094116211,200.0
