Response-delay,status-code
180.47459983825684,200.0
180.28778743743896,200.0
180.46874046325684,200.0
180.2219853401184,200.0
180.22223830223083,200.0
