Response-delay,status-code
1.4216461181640625,500.0
1.234217882156372,500.0
1.2259759902954102,500.0
1.1041419506072998,500.0
1.302459955215454,500.0
