Response-delay,status-code
261.3786940574646,200.0
261.42424178123474,200.0
261.5550305843353,200.0
261.1792140007019,200.0
261.84816908836365,200.0
