Response-delay,status-code
21.290132999420166,200.0
21.388333082199097,200.0
21.179442882537842,200.0
21.318963050842285,200.0
21.19392490386963,200.0
