Response-delay,status-code
1.1061689853668213,200.0
1.0714550018310547,200.0
1.0685889720916748,200.0
1.2183611392974854,200.0
1.2904167175292969,200.0
