Response-delay,status-code
238.99809670448303,200.0
239.47300219535828,200.0
240.33221745491028,200.0
240.34594631195068,200.0
240.59040570259094,200.0
