Response-delay,status-code
3.5665690898895264,200.0
3.5322165489196777,200.0
3.5301032066345215,200.0
4.08016037940979,200.0
3.562610626220703,200.0
