Response-delay,status-code
1.2924690246582031,200.0
1.1885850429534912,200.0
1.2269680500030518,200.0
1.2508821487426758,200.0
1.1716349124908447,200.0
