Response-delay,status-code
4.410821199417114,200.0
4.459824085235596,200.0
4.412957668304443,200.0
4.394803047180176,200.0
4.400894641876221,200.0
