Response-delay,status-code
1.12158203125,500.0
1.081610918045044,500.0
1.0836632251739502,500.0
1.0886878967285156,500.0
1.194370985031128,500.0
