Response-delay,status-code
1.8680336475372314,500.0
1.8782174587249756,500.0
1.8474042415618896,500.0
1.883979320526123,500.0
1.8641366958618164,500.0
