Response-delay,status-code
21.84377360343933,200.0
21.326117515563965,200.0
21.102826833724976,200.0
21.128944396972656,200.0
21.102367401123047,200.0
