Response-delay,status-code
34.372708559036255,200.0
35.07079815864563,200.0
34.427873611450195,200.0
34.40478157997131,200.0
34.46271753311157,200.0
