Response-delay,status-code
449.6112141609192,200.0
449.80149817466736,200.0
449.9507668018341,200.0
449.72390389442444,200.0
450.05986309051514,200.0
