Response-delay,status-code
1.1014468669891357,500.0
1.038269281387329,500.0
1.2266979217529297,500.0
1.1074631214141846,500.0
1.225532054901123,500.0
