Response-delay,status-code
9.585912466049194,200.0
9.569864511489868,200.0
10.213732957839966,200.0
9.583478450775146,200.0
9.600033521652222,200.0
