Response-delay,status-code
263.3099329471588,200.0
263.241770029068,200.0
263.36463046073914,200.0
263.1432557106018,200.0
261.4952998161316,200.0
