Response-delay,status-code
2.440701961517334,500.0
2.1460800170898438,500.0
2.5798962116241455,500.0
2.1140360832214355,500.0
2.1029250621795654,500.0
