Response-delay,status-code
23.59876799583435,200.0
23.58989405632019,200.0
23.47942090034485,200.0
23.578532934188843,200.0
23.491302251815796,200.0
