Response-delay,status-code
1.1592535972595215,500.0
1.1443719863891602,500.0
1.1476900577545166,500.0
1.180271863937378,500.0
4.599348783493042,500.0
