Response-delay,status-code
3.496185302734375,200.0
3.4920520782470703,200.0
3.476100444793701,200.0
3.473034143447876,200.0
3.501469373703003,200.0
