Response-delay,status-code
68.29468202590942,200.0
68.23750495910645,200.0
68.18477892875671,200.0
68.28938102722168,200.0
68.29818868637085,200.0
