Response-delay,status-code
1.0067319869995117,500.0
1.1000943183898926,500.0
1.1162950992584229,500.0
1.1984889507293701,500.0
1.1560430526733398,500.0
