Response-delay,status-code
1.848766565322876,500.0
1.8821656703948975,500.0
1.8509938716888428,500.0
1.8768930435180664,500.0
1.8488807678222656,500.0
