Response-delay,status-code
9.665808200836182,200.0
9.592946767807007,200.0
9.594594717025757,200.0
9.596908807754517,200.0
9.578684568405151,200.0
