Response-delay,status-code
83.97495698928833,200.0
83.80807614326477,200.0
83.86236691474915,200.0
83.53062725067139,200.0
83.88836288452148,200.0
