Response-delay,status-code
5.612083911895752,500.0
5.598473787307739,500.0
5.59369683265686,500.0
5.600963830947876,500.0
5.5699803829193115,500.0
