Response-delay,status-code
1.1065149307250977,500.0
1.0470552444458008,500.0
1.1959612369537354,500.0
1.1084208488464355,500.0
1.0449018478393555,500.0
