Response-delay,status-code
1.4759180545806885,500.0
1.435298204421997,500.0
1.5354700088500977,500.0
1.5336189270019531,500.0
1.3551151752471924,500.0
