Response-delay,status-code
1.0756981372833252,200.0
1.073779821395874,200.0
1.0512328147888184,200.0
1.0554931163787842,200.0
1.0604701042175293,200.0
