Response-delay,status-code
1.0059459209442139,500.0
0.9388320446014404,500.0
1.1845057010650635,500.0
0.9896528720855713,500.0
1.155616044998169,500.0
