Response-delay,status-code
2.417314052581787,200.0
2.6301610469818115,200.0
2.763108253479004,200.0
2.399592876434326,200.0
2.3924431800842285,200.0
