Response-delay,status-code
45.446529150009155,200.0
45.592949867248535,200.0
45.37721610069275,200.0
45.565165996551514,200.0
45.35433793067932,200.0
