Response-delay,status-code
31.133697748184204,200.0
31.31246304512024,200.0
31.13475203514099,200.0
31.2069730758667,200.0
31.230273008346558,200.0
