Response-delay,status-code
225.2731146812439,200.0
224.8695650100708,200.0
224.69055008888245,200.0
224.41594624519348,200.0
224.56169390678406,200.0
