Response-delay,status-code
1.4600870609283447,500.0
1.413424015045166,500.0
1.401953935623169,500.0
1.3917021751403809,500.0
1.457202434539795,500.0
