Response-delay,status-code
23.66427254676819,200.0
23.7000732421875,200.0
23.743775844573975,200.0
23.658027172088623,200.0
23.654820680618286,200.0
