Response-delay,status-code
21.50834345817566,200.0
21.322264909744263,200.0
21.35628056526184,200.0
21.352448225021362,200.0
21.331615924835205,200.0
