Response-delay,status-code
45.86317539215088,200.0
45.79514145851135,200.0
45.80389976501465,200.0
45.89286684989929,200.0
45.850987911224365,200.0
