Response-delay,status-code
106.5562469959259,200.0
106.61854887008667,200.0
107.21681213378906,200.0
106.37883996963501,200.0
106.50446701049805,200.0
