Response-delay,status-code
1.3435442447662354,500.0
1.3075451850891113,500.0
1.3067305088043213,500.0
1.3202238082885742,500.0
1.3226327896118164,500.0
