Response-delay,status-code
2.426013946533203,200.0
2.1810879707336426,200.0
2.19997501373291,200.0
2.317519187927246,200.0
2.4555001258850098,200.0
