Response-delay,status-code
6.340336561203003,200.0
6.2797088623046875,200.0
6.319661378860474,200.0
6.283404111862183,200.0
6.348049163818359,200.0
