Response-delay,status-code
136.73886799812317,200.0
136.68098783493042,200.0
136.76108694076538,200.0
136.6310818195343,200.0
136.48031783103943,200.0
