Response-delay,status-code
12.367515325546265,200.0
12.400274276733398,200.0
12.395959615707397,200.0
12.30363416671753,200.0
12.29289722442627,200.0
