Response-delay,status-code
600.6507177352905,502.0
600.6034913063049,502.0
600.6047747135162,502.0
600.6249704360962,502.0
600.6305480003357,502.0
