Response-delay,status-code
18.76256275177002,200.0
18.707788944244385,200.0
18.691596269607544,200.0
18.69938015937805,200.0
18.68868899345398,200.0
