Response-delay,status-code
21.25919508934021,200.0
21.784770965576172,200.0
21.5261287689209,200.0
21.09600520133972,200.0
21.291718244552612,200.0
