Response-delay,status-code
149.55299377441406,200.0
149.47986602783203,200.0
149.68151903152466,200.0
149.72005701065063,200.0
149.68896198272705,200.0
