Response-delay,status-code
1.0325062274932861,200.0
1.1396617889404297,200.0
1.2253921031951904,200.0
1.2263948917388916,200.0
1.0104830265045166,200.0
