Response-delay,status-code
1.074864149093628,200.0
1.1636607646942139,200.0
1.191230058670044,200.0
1.5690889358520508,200.0
1.0498409271240234,200.0
