Response-delay,status-code
6.913442850112915,200.0
6.95892596244812,200.0
7.0041162967681885,200.0
7.57464861869812,200.0
6.9326012134552,200.0
