Response-delay,status-code
4.4159345626831055,200.0
4.396321058273315,200.0
4.388255596160889,200.0
4.396137714385986,200.0
4.401400327682495,200.0
