Response-delay,status-code
27.626797199249268,200.0
27.200394868850708,200.0
27.37805986404419,200.0
27.256089210510254,200.0
27.21627187728882,200.0
