Response-delay,status-code
1.1010611057281494,200.0
1.2989211082458496,200.0
1.0700910091400146,200.0
1.3826377391815186,200.0
1.1035938262939453,200.0
