Response-delay,status-code
13.41843032836914,200.0
13.474533557891846,200.0
13.471411228179932,200.0
13.509008407592773,200.0
13.472625017166138,200.0
