Response-delay,status-code
34.39293837547302,200.0
34.26327466964722,200.0
34.35013794898987,200.0
34.35912847518921,200.0
34.385780811309814,200.0
