Response-delay,status-code
3.8006975650787354,200.0
3.7865841388702393,200.0
4.283563852310181,200.0
3.774376630783081,200.0
3.789311408996582,200.0
