Response-delay,status-code
136.42303681373596,200.0
136.3906090259552,200.0
136.6050398349762,200.0
136.49561715126038,200.0
136.50686597824097,200.0
