Response-delay,status-code
7.003742933273315,200.0
6.900160074234009,200.0
6.900505781173706,200.0
6.895031929016113,200.0
6.893736124038696,200.0
