Response-delay,status-code
23.655130624771118,200.0
24.127708435058594,200.0
23.706549406051636,200.0
23.757367610931396,200.0
23.695595026016235,200.0
