Response-delay,status-code
20.919420957565308,200.0
20.887360095977783,200.0
20.886363983154297,200.0
20.888629913330078,200.0
20.574540853500366,200.0
