Response-delay,status-code
23.275948524475098,200.0
23.204105854034424,200.0
23.242825984954834,200.0
23.24058437347412,200.0
23.21512007713318,200.0
