Response-delay,status-code
45.749934911727905,200.0
45.675304889678955,200.0
45.69702911376953,200.0
45.688429832458496,200.0
45.725717067718506,200.0
