Response-delay,status-code
3.5271224975585938,200.0
3.4929778575897217,200.0
3.49739146232605,200.0
3.4931657314300537,200.0
3.50239896774292,200.0
