Response-delay,status-code
21.505197763442993,200.0
21.32931613922119,200.0
21.522229194641113,200.0
21.243237495422363,200.0
21.25640559196472,200.0
