Response-delay,status-code
21.070887088775635,200.0
21.193952083587646,200.0
20.977261781692505,200.0
21.104278087615967,200.0
21.027462005615234,200.0
