Response-delay,status-code
1.109316110610962,200.0
1.0873610973358154,200.0
1.247694969177246,200.0
1.225987195968628,200.0
1.2258870601654053,200.0
