Response-delay,status-code
1.6340720653533936,200.0
1.658512830734253,200.0
1.631662130355835,200.0
1.6060869693756104,200.0
1.5827581882476807,200.0
