Response-delay,status-code
1.2470250129699707,500.0
1.244690179824829,500.0
1.2410995960235596,500.0
1.2436909675598145,500.0
1.2433679103851318,500.0
