Response-delay,status-code
23.615082025527954,200.0
23.68420433998108,200.0
23.7166690826416,200.0
23.789095878601074,200.0
23.665457010269165,200.0
