Response-delay,status-code
27.816124200820923,200.0
27.70446491241455,200.0
27.697576999664307,200.0
27.81744623184204,200.0
27.76051616668701,200.0
