Response-delay,status-code
2.643573522567749,500.0
2.6848697662353516,500.0
2.6050047874450684,500.0
2.595060110092163,500.0
2.593703031539917,500.0
