Response-delay,status-code
9.549003839492798,200.0
9.509552955627441,200.0
9.562942266464233,200.0
9.521151065826416,200.0
9.485721588134766,200.0
