Response-delay,status-code
135.5268681049347,200.0
135.6003339290619,200.0
135.49775195121765,200.0
135.5025279521942,200.0
135.49319076538086,200.0
