Response-delay,status-code
1.352219820022583,500.0
1.041025161743164,500.0
1.410510778427124,500.0
1.0487549304962158,500.0
1.0429577827453613,500.0
