Response-delay,status-code
34.36339044570923,200.0
34.365691900253296,200.0
34.275280475616455,200.0
34.22592377662659,200.0
34.24040913581848,200.0
