Response-delay,status-code
3.8066015243530273,200.0
3.803513765335083,200.0
4.328113794326782,200.0
3.795954465866089,200.0
3.7986466884613037,200.0
