Response-delay,status-code
1.8354871273040771,200.0
1.5323469638824463,200.0
1.5354068279266357,200.0
1.532419204711914,200.0
1.5338129997253418,200.0
