Response-delay,status-code
6.972778558731079,200.0
7.0144453048706055,200.0
6.968337059020996,200.0
6.99112343788147,200.0
7.013415575027466,200.0
