Response-delay,status-code
6.3918116092681885,200.0
6.394427299499512,200.0
6.387354612350464,200.0
6.465147972106934,200.0
6.4935643672943115,200.0
