Response-delay,status-code
46.497894048690796,200.0
46.5457022190094,200.0
46.44948887825012,200.0
46.54331302642822,200.0
46.58610916137695,200.0
