Response-delay,status-code
2.2031655311584473,500.0
2.207958936691284,500.0
2.1974308490753174,500.0
2.190473794937134,500.0
2.195448875427246,500.0
