Response-delay,status-code
111.49540185928345,200.0
111.43200778961182,200.0
111.58601307868958,200.0
111.43696284294128,200.0
111.31131219863892,200.0
