Response-delay,status-code
262.0461277961731,200.0
262.0962769985199,200.0
262.2112879753113,200.0
261.9843409061432,200.0
262.1518290042877,200.0
