Response-delay,status-code
1.6608290672302246,500.0
1.6749441623687744,500.0
1.8207404613494873,500.0
1.6568422317504883,500.0
1.6350507736206055,500.0
