Response-delay,status-code
1.1498608589172363,200.0
1.1056880950927734,200.0
1.3688838481903076,200.0
1.1187162399291992,200.0
1.3339438438415527,200.0
