Response-delay,status-code
23.689180850982666,200.0
23.646073579788208,200.0
23.661800861358643,200.0
23.667954206466675,200.0
23.70297122001648,200.0
