Response-delay,status-code
23.095186948776245,200.0
23.07825994491577,200.0
23.028713941574097,200.0
23.13867497444153,200.0
23.06867790222168,200.0
