Response-delay,status-code
151.54622173309326,200.0
151.37996196746826,200.0
151.47611808776855,200.0
151.4197211265564,200.0
151.44760179519653,200.0
