Response-delay,status-code
76.34880375862122,200.0
76.34272408485413,200.0
76.35575103759766,200.0
76.48902893066406,200.0
76.49064087867737,200.0
