Response-delay,status-code
1.257296085357666,500.0
1.0817558765411377,500.0
1.3694143295288086,500.0
1.084130048751831,500.0
1.3675460815429688,500.0
