Response-delay,status-code
23.54947590827942,200.0
23.71104097366333,200.0
23.513162851333618,200.0
23.4114089012146,200.0
23.41486406326294,200.0
