Response-delay,status-code
88.23929190635681,200.0
88.1639461517334,200.0
88.16334581375122,200.0
88.12816977500916,200.0
88.07380318641663,200.0
