Response-delay,status-code
84.7129774093628,200.0
84.68653869628906,200.0
84.3903238773346,200.0
84.39748287200928,200.0
84.58678865432739,200.0
