Response-delay,status-code
1.296119213104248,500.0
1.385958194732666,500.0
1.2779464721679688,500.0
1.3017559051513672,500.0
1.2825372219085693,500.0
