Response-delay,status-code
1.3427839279174805,500.0
1.1342711448669434,500.0
1.097024917602539,500.0
1.1106188297271729,500.0
1.1046431064605713,500.0
