Response-delay,status-code
1.2888648509979248,500.0
1.2947125434875488,500.0
1.2932860851287842,500.0
1.2838685512542725,500.0
1.2889463901519775,500.0
