Response-delay,status-code
76.66417217254639,200.0
76.79741477966309,200.0
76.67552995681763,200.0
76.91793584823608,200.0
76.38811802864075,200.0
