Response-delay,status-code
92.91284823417664,200.0
92.99202394485474,200.0
93.00410532951355,200.0
92.90044355392456,200.0
92.89418339729309,200.0
