Response-delay,status-code
1.3324878215789795,500.0
1.1592471599578857,500.0
1.1432435512542725,500.0
1.1604738235473633,500.0
1.1850571632385254,500.0
