Response-delay,status-code
34.37086772918701,200.0
34.422691106796265,200.0
34.44130754470825,200.0
34.39703178405762,200.0
34.378066301345825,200.0
