Response-delay,status-code
1.3024582862854004,500.0
1.2800843715667725,500.0
1.2750988006591797,500.0
1.5352602005004883,500.0
1.2811429500579834,500.0
