Response-delay,status-code
4.814388275146484,200.0
4.80539345741272,200.0
4.856107234954834,200.0
4.8381006717681885,200.0
4.842645883560181,200.0
