Response-delay,status-code
3.4962027072906494,200.0
3.492546319961548,200.0
3.495938539505005,200.0
3.4643280506134033,200.0
3.4889743328094482,200.0
